id,set,card_number,variant,name,price_zar
56233,AQ,7,H,Electrode (Holo),
56234,AQ,7,RH-H,Electrode (Reverse Holo),
56235,AQ,8,H,Entei (Holo),
56236,AQ,8,RH-H,Entei (Reverse Holo),
56239,AQ,9,H,Espeon (Holo),
56240,AQ,9,RH-H,Espeon (Reverse Holo),
56244,AQ,10,RH-H,Exeggutor (Reverse Holo),
56250,AQ,11,RH-H,Houndoom (Reverse Holo),
56270,AQ,16,RH-H,Magneton (Reverse Holo),
48996,AQ,17,RH-H,Muk (Reverse Holo),
56277,AQ,18,RH-H,Nidoking (Reverse Holo),
56293,AQ,22,RH-H,Slowking (Reverse Holo),
56297,AQ,23,RH-H,Steelix (Reverse Holo),
56305,AQ,25,RH-H,Suicune (Reverse Holo),
56307,AQ,26,RH-H,Tentacruel (Reverse Holo),
56313,AQ,27,RH-H,Togetic (Reverse Holo),
56317,AQ,28,RH-H,Tyranitar (Reverse Holo),
56321,AQ,29,RH-H,Umbreon (Reverse Holo),
56325,AQ,30,RH-H,Victreebel (Reverse Holo),
56329,AQ,31,RH-H,Vileplume (Reverse Holo),
56333,AQ,32,RH-H,Zapdos (Reverse Holo),
56038,AQ,103,N,Porygon (Normal),
56039,AQ,103,RH,Porygon (Reverse Holo),
68087,AR,1,N,Arceus (Normal),
68088,AR,1,RH,Arceus (Reverse Holo),
68091,AR,2,N,Arceus (Normal),
68093,AR,2,RH,Arceus (Reverse Holo),
68097,AR,3,N,Arceus (Normal),
68098,AR,3,RH,Arceus (Reverse Holo),
68099,AR,4,N,Arceus (Normal),
68100,AR,4,RH,Arceus (Reverse Holo),
68103,AR,5,N,Arceus (Normal),
68104,AR,5,RH,Arceus (Reverse Holo),
68107,AR,6,N,Arceus (Normal),
68108,AR,6,RH,Arceus (Reverse Holo),
68111,AR,7,N,Arceus (Normal),
68112,AR,7,RH,Arceus (Reverse Holo),
68113,AR,8,N,Arceus (Normal),
68114,AR,8,RH,Arceus (Reverse Holo),
68117,AR,9,N,Arceus (Normal),
68118,AR,9,RH,Arceus (Reverse Holo),
68073,AR,10,N,Bagon (Normal),
68077,AR,11,N,Ponyta (Normal),
68081,AR,12,N,Shinx (Normal),
57008,BP,1,N,Electabuzz (Normal),
57010,BP,2,N,Hitmonchan (Normal),
57012,BP,3,N,Professor Elm (Normal),
57015,BP,4,RH,Rocket's Scizor (Reverse Holo),
57017,BP,5,RH,Rocket's Sneasel (Reverse Holo),
57021,BP,6,RH,Dark Ivysaur (Reverse Holo),
57023,BP,7,RH,Dark Venusaur (Reverse Holo),
57026,BP,8,N,Rocket's Mewtwo (Normal),
57030,BP,9,N,Rocket's Hitmonchan (Normal),
29833,BS,8,1ES-H,Machamp (1st Edition Shadowless Holo),
29835,BS,8,H,Machamp (Holo),
29834,BS,8,SH-H,Machamp (Shadowless Holo),
29974,BS,55,1ES,Nidoran ♂ (1st Edition Shadowless),
30028,BS,73,1ES,Impostor Professor Oak (1st Edition Shadowless),
79815,CEL,14,RH,Cosmoem (Reverse Holo),
35454,CL,1,H,Deoxys (Holo),
35455,CL,1,RH-H,Deoxys (Reverse Holo),
35456,CL,2,H,Dialga (Holo),
35457,CL,2,RH-H,Dialga (Reverse Holo),
35458,CL,3,H,Entei (Holo),
35459,CL,3,RH-H,Entei (Reverse Holo),
35460,CL,4,H,Groudon (Holo),
35461,CL,4,RH-H,Groudon (Reverse Holo),
35462,CL,5,H,Ho-Oh (Holo),
35463,CL,5,RH-H,Ho-Oh (Reverse Holo),
35464,CL,6,H,Kyogre (Holo),
35465,CL,6,RH-H,Kyogre (Reverse Holo),
35466,CL,7,H,Lugia (Holo),
35467,CL,7,RH-H,Lugia (Reverse Holo),
35468,CL,8,H,Palkia (Holo),
35469,CL,8,RH-H,Palkia (Reverse Holo),
35470,CL,9,H,Raikou (Holo),
35471,CL,9,RH-H,Raikou (Reverse Holo),
35473,CL,10,RH-H,Rayquaza (Reverse Holo),
35475,CL,11,RH-H,Suicune (Reverse Holo),
30451,G1,20,1E,Brock's Golem (1st Edition),
30452,G1,20,N,Brock's Golem (Normal),
30457,G1,23,1E,Brock's Sandslash (1st Edition),
30458,G1,23,N,Brock's Sandslash (Normal),
30461,G1,25,1E,Erika's Clefairy (1st Edition),
30462,G1,25,N,Erika's Clefairy (Normal),
30463,G1,26,1E,Erika's Victreebel (1st Edition),
30464,G1,26,N,Erika's Victreebel (Normal),
30467,G1,28,1E,Lt. Surge's Raichu (1st Edition),
30468,G1,28,N,Lt. Surge's Raichu (Normal),
30469,G1,29,1E,Misty's Cloyster (1st Edition),
30470,G1,29,N,Misty's Cloyster (Normal),
30473,G1,31,1E,Misty's Poliwrath (1st Edition),
30474,G1,31,N,Misty's Poliwrath (Normal),
30477,G1,33,1E,Rocket's Snorlax (1st Edition),
30478,G1,33,N,Rocket's Snorlax (Normal),
30479,G1,34,1E,Sabrina's Venomoth (1st Edition),
30480,G1,34,N,Sabrina's Venomoth (Normal),
30483,G1,36,1E,Blaine's Kangaskhan (1st Edition),
30484,G1,36,N,Blaine's Kangaskhan (Normal),
30485,G1,37,1E,Blaine's Magmar (1st Edition),
30486,G1,37,N,Blaine's Magmar (Normal),
30489,G1,39,1E,Brock's Golbat (1st Edition),
30490,G1,39,N,Brock's Golbat (Normal),
30491,G1,40,1E,Brock's Graveler (1st Edition),
30492,G1,40,N,Brock's Graveler (Normal),
30493,G1,41,1E,Brock's Lickitung (1st Edition),
30494,G1,41,N,Brock's Lickitung (Normal),
30495,G1,42,1E,Erika's Dratini (1st Edition),
30496,G1,42,N,Erika's Dratini (Normal),
30499,G1,44,1E,Erika's Exeggutor (1st Edition),
30500,G1,44,N,Erika's Exeggutor (Normal),
30513,G1,51,1E,Lt. Surge's Raticate (1st Edition),
30514,G1,51,N,Lt. Surge's Raticate (Normal),
30517,G1,53,1E,Misty's Poliwhirl (1st Edition),
30518,G1,53,N,Misty's Poliwhirl (Normal),
30519,G1,54,1E,Misty's Psyduck (1st Edition),
30520,G1,54,N,Misty's Psyduck (Normal),
30521,G1,55,1E,Misty's Seaking (1st Edition),
30522,G1,55,N,Misty's Seaking (Normal),
30523,G1,56,1E,Misty's Starmie (1st Edition),
30524,G1,56,N,Misty's Starmie (Normal),
30527,G1,58,1E,Sabrina's Haunter (1st Edition),
30528,G1,58,N,Sabrina's Haunter (Normal),
30529,G1,59,1E,Sabrina's Jynx (1st Edition),
30530,G1,59,N,Sabrina's Jynx (Normal),
30531,G1,60,1E,Sabrina's Slowbro (1st Edition),
30532,G1,60,N,Sabrina's Slowbro (Normal),
30533,G1,61,1E,Blaine's Charmander (1st Edition),
30534,G1,61,N,Blaine's Charmander (Normal),
30537,G1,63,1E,Blaine's Ponyta (1st Edition),
30538,G1,63,N,Blaine's Ponyta (Normal),
30539,G1,64,1E,Blaine's Tauros (1st Edition),
30540,G1,64,N,Blaine's Tauros (Normal),
30541,G1,65,1E,Blaine's Vulpix (1st Edition),
30542,G1,65,N,Blaine's Vulpix (Normal),
30557,G1,73,1E,Brock's Vulpix (1st Edition),
30558,G1,73,N,Brock's Vulpix (Normal),
30569,G1,79,1E,Erika's Tangela (1st Edition),
30570,G1,79,N,Erika's Tangela (Normal),
30573,G1,81,1E,Lt. Surge's Pikachu (1st Edition),
30574,G1,81,N,Lt. Surge's Pikachu (Normal),
30575,G1,82,1E,Lt. Surge's Rattata (1st Edition),
30576,G1,82,N,Lt. Surge's Rattata (Normal),
30579,G1,84,1E,Lt. Surge's Voltorb (1st Edition),
30580,G1,84,N,Lt. Surge's Voltorb (Normal),
30583,G1,86,1E,Misty's Horsea (1st Edition),
30584,G1,86,N,Misty's Horsea (Normal),
30585,G1,87,1E,Misty's Poliwag (1st Edition),
30586,G1,87,N,Misty's Poliwag (Normal),
30587,G1,88,1E,Misty's Seel (1st Edition),
30588,G1,88,N,Misty's Seel (Normal),
30589,G1,89,1E,Misty's Shellder (1st Edition),
30590,G1,89,N,Misty's Shellder (Normal),
30591,G1,90,1E,Misty's Staryu (1st Edition),
30592,G1,90,N,Misty's Staryu (Normal),
30593,G1,91,1E,Sabrina's Abra (1st Edition),
30594,G1,91,N,Sabrina's Abra (Normal),
30595,G1,92,1E,Sabrina's Drowzee (1st Edition),
30596,G1,92,N,Sabrina's Drowzee (Normal),
30597,G1,93,1E,Sabrina's Gastly (1st Edition),
30598,G1,93,N,Sabrina's Gastly (Normal),
30599,G1,94,1E,Sabrina's Mr. Mime (1st Edition),
30600,G1,94,N,Sabrina's Mr. Mime (Normal),
30601,G1,95,1E,Sabrina's Slowpoke (1st Edition),
30602,G1,95,N,Sabrina's Slowpoke (Normal),
30603,G1,96,1E,Sabrina's Venonat (1st Edition),
30604,G1,96,N,Sabrina's Venonat (Normal),
30605,G1,97,1E,Blaine's Quiz #1 (1st Edition),
30606,G1,97,N,Blaine's Quiz #1 (Normal),
30609,G1,99,1E,Charity (1st Edition),
30610,G1,99,N,Charity (Normal),
30617,G1,103,1E,No Removal Gym (1st Edition),
30618,G1,103,N,No Removal Gym (Normal),
30619,G1,104,1E,The Rocket's Training Gym (1st Edition),
30620,G1,104,N,The Rocket's Training Gym (Normal),
30621,G1,105,1E,Blaine's Last Resort (1st Edition),
30622,G1,105,N,Blaine's Last Resort (Normal),
30623,G1,106,1E,Brock's Training Method (1st Edition),
30624,G1,106,N,Brock's Training Method (Normal),
30625,G1,107,1E,Celadon City Gym (1st Edition),
30626,G1,107,N,Celadon City Gym (Normal),
30627,G1,108,1E,Cerulean City Gym (1st Edition),
30628,G1,108,N,Cerulean City Gym (Normal),
30629,G1,109,1E,Erika's Maids (1st Edition),
30630,G1,109,N,Erika's Maids (Normal),
30631,G1,110,1E,Erika's Perfume (1st Edition),
30632,G1,110,N,Erika's Perfume (Normal),
30633,G1,111,1E,Good Manners (1st Edition),
30634,G1,111,N,Good Manners (Normal),
30635,G1,112,1E,Lt. Surge's Treaty (1st Edition),
30636,G1,112,N,Lt. Surge's Treaty (Normal),
30637,G1,113,1E,Minion of Team Rocket (1st Edition),
30638,G1,113,N,Minion of Team Rocket (Normal),
30639,G1,114,1E,Misty's Wrath (1st Edition),
30640,G1,114,N,Misty's Wrath (Normal),
30641,G1,115,1E,Pewter City Gym (1st Edition),
30642,G1,115,N,Pewter City Gym (Normal),
30643,G1,116,1E,Recall (1st Edition),
30644,G1,116,N,Recall (Normal),
30645,G1,117,1E,Sabrina's ESP (1st Edition),
30646,G1,117,N,Sabrina's ESP (Normal),
30647,G1,118,1E,Secret Mission (1st Edition),
30648,G1,118,N,Secret Mission (Normal),
30649,G1,119,1E,Tickling Machine (1st Edition),
30650,G1,119,N,Tickling Machine (Normal),
30651,G1,120,1E,Vermilion City Gym (1st Edition),
30652,G1,120,N,Vermilion City Gym (Normal),
30653,G1,121,1E,Blaine's Gamble (1st Edition),
30654,G1,121,N,Blaine's Gamble (Normal),
30655,G1,122,1E,Energy Flow (1st Edition),
30656,G1,122,N,Energy Flow (Normal),
30657,G1,123,1E,Misty's Duel (1st Edition),
30658,G1,123,N,Misty's Duel (Normal),
30659,G1,124,1E,Narrow Gym (1st Edition),
30660,G1,124,N,Narrow Gym (Normal),
30661,G1,125,1E,Sabrina's Gaze (1st Edition),
30662,G1,125,N,Sabrina's Gaze (Normal),
30663,G1,126,1E,Trash Exchange (1st Edition),
30664,G1,126,N,Trash Exchange (Normal),
30665,G1,127,1E,Fighting Energy (1st Edition),
30666,G1,127,N,Fighting Energy (Normal),
30667,G1,128,1E,Fire Energy (1st Edition),
30668,G1,128,N,Fire Energy (Normal),
30669,G1,129,1E,Grass Energy (1st Edition),
30670,G1,129,N,Grass Energy (Normal),
30671,G1,130,1E,Lightning Energy (1st Edition),
30672,G1,130,N,Lightning Energy (Normal),
30673,G1,131,1E,Psychic Energy (1st Edition),
30674,G1,131,N,Psychic Energy (Normal),
30675,G1,132,1E,Water Energy (1st Edition),
30676,G1,132,N,Water Energy (Normal),
30717,G2,21,1E,Blaine's Ninetales (1st Edition),
30718,G2,21,N,Blaine's Ninetales (Normal),
30719,G2,22,1E,Brock's Dugtrio (1st Edition),
30720,G2,22,N,Brock's Dugtrio (Normal),
30721,G2,23,1E,Giovanni's Nidoqueen (1st Edition),
30722,G2,23,N,Giovanni's Nidoqueen (Normal),
30723,G2,24,1E,Giovanni's Pinsir (1st Edition),
30724,G2,24,N,Giovanni's Pinsir (Normal),
30725,G2,25,1E,Koga's Arbok (1st Edition),
30726,G2,25,N,Koga's Arbok (Normal),
30727,G2,26,1E,Koga's Muk (1st Edition),
30728,G2,26,N,Koga's Muk (Normal),
30729,G2,27,1E,Koga's Pidgeotto (1st Edition),
30730,G2,27,N,Koga's Pidgeotto (Normal),
30731,G2,28,1E,Lt. Surge's Jolteon (1st Edition),
30732,G2,28,N,Lt. Surge's Jolteon (Normal),
30733,G2,29,1E,Sabrina's Gengar (1st Edition),
30734,G2,29,N,Sabrina's Gengar (Normal),
30735,G2,30,1E,Sabrina's Golduck (1st Edition),
30736,G2,30,N,Sabrina's Golduck (Normal),
30737,G2,31,1E,Blaine's Charmeleon (1st Edition),
30738,G2,31,N,Blaine's Charmeleon (Normal),
30739,G2,32,1E,Blaine's Dodrio (1st Edition),
30740,G2,32,N,Blaine's Dodrio (Normal),
30741,G2,33,1E,Blaine's Rapidash (1st Edition),
30742,G2,33,N,Blaine's Rapidash (Normal),
30743,G2,34,1E,Brock's Graveler (1st Edition),
30744,G2,34,N,Brock's Graveler (Normal),
30745,G2,35,1E,Brock's Primeape (1st Edition),
30746,G2,35,N,Brock's Primeape (Normal),
30747,G2,36,1E,Brock's Sandslash (1st Edition),
30748,G2,36,N,Brock's Sandslash (Normal),
30749,G2,37,1E,Brock's Vulpix (1st Edition),
30750,G2,37,N,Brock's Vulpix (Normal),
30751,G2,38,1E,Erika's Bellsprout (1st Edition),
30752,G2,38,N,Erika's Bellsprout (Normal),
30753,G2,39,1E,Erika's Bulbasaur (1st Edition),
30754,G2,39,N,Erika's Bulbasaur (Normal),
30755,G2,40,1E,Erika's Clefairy (1st Edition),
30756,G2,40,N,Erika's Clefairy (Normal),
30757,G2,41,1E,Erika's Ivysaur (1st Edition),
30758,G2,41,N,Erika's Ivysaur (Normal),
30759,G2,42,1E,Giovanni's Machoke (1st Edition),
30760,G2,42,N,Giovanni's Machoke (Normal),
30763,G2,44,1E,Giovanni's Nidorina (1st Edition),
30764,G2,44,N,Giovanni's Nidorina (Normal),
30765,G2,45,1E,Giovanni's Nidorino (1st Edition),
30766,G2,45,N,Giovanni's Nidorino (Normal),
30767,G2,46,1E,Koga's Golbat (1st Edition),
30768,G2,46,N,Koga's Golbat (Normal),
30769,G2,47,1E,Koga's Kakuna (1st Edition),
30770,G2,47,N,Koga's Kakuna (Normal),
30775,G2,50,1E,Koga's Weezing (1st Edition),
30776,G2,50,N,Koga's Weezing (Normal),
30777,G2,51,1E,Lt. Surge's Eevee (1st Edition),
30778,G2,51,N,Lt. Surge's Eevee (Normal),
30779,G2,52,1E,Lt. Surge's Electrode (1st Edition),
30780,G2,52,N,Lt. Surge's Electrode (Normal),
30781,G2,53,1E,Lt. Surge's Raticate (1st Edition),
30782,G2,53,N,Lt. Surge's Raticate (Normal),
30783,G2,54,1E,Misty's Dewgong (1st Edition),
30784,G2,54,N,Misty's Dewgong (Normal),
30785,G2,55,1E,Sabrina's Haunter (1st Edition),
30786,G2,55,N,Sabrina's Haunter (Normal),
30787,G2,56,1E,Sabrina's Hypno (1st Edition),
30788,G2,56,N,Sabrina's Hypno (Normal),
30789,G2,57,1E,Sabrina's Jynx (1st Edition),
30790,G2,57,N,Sabrina's Jynx (Normal),
30791,G2,58,1E,Sabrina's Kadabra (1st Edition),
30792,G2,58,N,Sabrina's Kadabra (Normal),
30793,G2,59,1E,Sabrina's Mr. Mime (1st Edition),
30794,G2,59,N,Sabrina's Mr. Mime (Normal),
30795,G2,60,1E,Blaine's Charmander (1st Edition),
30796,G2,60,N,Blaine's Charmander (Normal),
30797,G2,61,1E,Blaine's Doduo (1st Edition),
30798,G2,61,N,Blaine's Doduo (Normal),
30799,G2,62,1E,Blaine's Growlithe (1st Edition),
30800,G2,62,N,Blaine's Growlithe (Normal),
30801,G2,63,1E,Blaine's Mankey (1st Edition),
30802,G2,63,N,Blaine's Mankey (Normal),
30803,G2,64,1E,Blaine's Ponyta (1st Edition),
30804,G2,64,N,Blaine's Ponyta (Normal),
30805,G2,65,1E,Blaine's Rhyhorn (1st Edition),
30806,G2,65,N,Blaine's Rhyhorn (Normal),
30807,G2,66,1E,Blaine's Vulpix (1st Edition),
30808,G2,66,N,Blaine's Vulpix (Normal),
30809,G2,67,1E,Brock's Diglett (1st Edition),
30810,G2,67,N,Brock's Diglett (Normal),
30811,G2,68,1E,Brock's Geodude (1st Edition),
30812,G2,68,N,Brock's Geodude (Normal),
30813,G2,69,1E,Erika's Jigglypuff (1st Edition),
30814,G2,69,N,Erika's Jigglypuff (Normal),
30815,G2,70,1E,Erika's Oddish (1st Edition),
30816,G2,70,N,Erika's Oddish (Normal),
30817,G2,71,1E,Erika's Paras (1st Edition),
30818,G2,71,N,Erika's Paras (Normal),
30819,G2,72,1E,Giovanni's Machop (1st Edition),
30820,G2,72,N,Giovanni's Machop (Normal),
30821,G2,73,1E,Giovanni's Magikarp (1st Edition),
30822,G2,73,N,Giovanni's Magikarp (Normal),
30829,G2,77,1E,Koga's Ekans (1st Edition),
30830,G2,77,N,Koga's Ekans (Normal),
30831,G2,78,1E,Koga's Grimer (1st Edition),
30832,G2,78,N,Koga's Grimer (Normal),
30837,G2,81,1E,Koga's Tangela (1st Edition),
30838,G2,81,N,Koga's Tangela (Normal),
30839,G2,82,1E,Koga's Weedle (1st Edition),
30840,G2,82,N,Koga's Weedle (Normal),
30841,G2,83,1E,Koga's Zubat (1st Edition),
30842,G2,83,N,Koga's Zubat (Normal),
30843,G2,84,1E,Lt. Surge's Pikachu (1st Edition),
30844,G2,84,N,Lt. Surge's Pikachu (Normal),
30845,G2,85,1E,Lt. Surge's Rattata (1st Edition),
30846,G2,85,N,Lt. Surge's Rattata (Normal),
30847,G2,86,1E,Lt. Surge's Voltorb (1st Edition),
30848,G2,86,N,Lt. Surge's Voltorb (Normal),
30849,G2,87,1E,Misty's Horsea (1st Edition),
30850,G2,87,N,Misty's Horsea (Normal),
30851,G2,88,1E,Misty's Magikarp (1st Edition),
30852,G2,88,N,Misty's Magikarp (Normal),
30853,G2,89,1E,Misty's Poliwag (1st Edition),
30854,G2,89,N,Misty's Poliwag (Normal),
30855,G2,90,1E,Misty's Psyduck (1st Edition),
30856,G2,90,N,Misty's Psyduck (Normal),
30857,G2,91,1E,Misty's Seel (1st Edition),
30858,G2,91,N,Misty's Seel (Normal),
30859,G2,92,1E,Misty's Staryu (1st Edition),
30860,G2,92,N,Misty's Staryu (Normal),
30865,G2,95,1E,Sabrina's Drowzee (1st Edition),
30866,G2,95,N,Sabrina's Drowzee (Normal),
30871,G2,98,1E,Sabrina's Porygon (1st Edition),
30872,G2,98,N,Sabrina's Porygon (Normal),
30873,G2,99,1E,Sabrina's Psyduck (1st Edition),
30874,G2,99,N,Sabrina's Psyduck (Normal),
30877,G2,101,1E,Brock's Protection (1st Edition),
30878,G2,101,N,Brock's Protection (Normal),
30879,G2,102,1E,Chaos Gym (1st Edition),
30880,G2,102,N,Chaos Gym (Normal),
30881,G2,103,1E,Erika's Kindness (1st Edition),
30882,G2,103,N,Erika's Kindness (Normal),
30885,G2,105,1E,Giovanni's Last Resort (1st Edition),
30886,G2,105,N,Giovanni's Last Resort (Normal),
30889,G2,107,1E,Lt. Surge's Secret Plan (1st Edition),
30890,G2,107,N,Lt. Surge's Secret Plan (Normal),
30891,G2,108,1E,Misty's Wish (1st Edition),
30892,G2,108,N,Misty's Wish (Normal),
30893,G2,109,1E,Resistance Gym (1st Edition),
30894,G2,109,N,Resistance Gym (Normal),
30897,G2,111,1E,Blaine's Quiz #2 (1st Edition),
30898,G2,111,N,Blaine's Quiz #2 (Normal),
30899,G2,112,1E,Blaine's Quiz #3 (1st Edition),
30900,G2,112,N,Blaine's Quiz #3 (Normal),
30901,G2,113,1E,Cinnabar City Gym (1st Edition),
30902,G2,113,N,Cinnabar City Gym (Normal),
30903,G2,114,1E,Fuchsia City Gym (1st Edition),
30904,G2,114,N,Fuchsia City Gym (Normal),
30905,G2,115,1E,Koga's Ninja Trick (1st Edition),
30906,G2,115,N,Koga's Ninja Trick (Normal),
30907,G2,116,1E,Master Ball (1st Edition),
30908,G2,116,N,Master Ball (Normal),
30909,G2,117,1E,Max Revive (1st Edition),
30910,G2,117,N,Max Revive (Normal),
30911,G2,118,1E,Misty's Tears (1st Edition),
30912,G2,118,N,Misty's Tears (Normal),
30913,G2,119,1E,Rocket's Minefield Gym (1st Edition),
30914,G2,119,N,Rocket's Minefield Gym (Normal),
30915,G2,120,1E,Rocket's Secret Experiment (1st Edition),
30916,G2,120,N,Rocket's Secret Experiment (Normal),
30917,G2,121,1E,Sabrina's Psychic Control (1st Edition),
30918,G2,121,N,Sabrina's Psychic Control (Normal),
30919,G2,122,1E,Saffron City Gym (1st Edition),
30920,G2,122,N,Saffron City Gym (Normal),
30921,G2,123,1E,Viridian City Gym (1st Edition),
30922,G2,123,N,Viridian City Gym (Normal),
30923,G2,124,1E,Fervor (1st Edition),
30924,G2,124,N,Fervor (Normal),
30925,G2,125,1E,Transparent Walls (1st Edition),
30926,G2,125,N,Transparent Walls (Normal),
30927,G2,126,1E,Warp Point (1st Edition),
30928,G2,126,N,Warp Point (Normal),
30929,G2,127,1E,Fighting Energy (1st Edition),
30930,G2,127,N,Fighting Energy (Normal),
30931,G2,128,1E,Fire Energy (1st Edition),
30932,G2,128,N,Fire Energy (Normal),
30933,G2,129,1E,Grass Energy (1st Edition),
30934,G2,129,N,Grass Energy (Normal),
30935,G2,130,1E,Lightning Energy (1st Edition),
30936,G2,130,N,Lightning Energy (Normal),
30937,G2,131,1E,Psychic Energy (1st Edition),
30938,G2,131,N,Psychic Energy (Normal),
30939,G2,132,1E,Water Energy (1st Edition),
30940,G2,132,N,Water Energy (Normal),
60740,LM,92,GS,Registeel ★,
37942,LTR,1,N,Snivy (Normal),
37943,LTR,1,RH,Snivy (Reverse Holo),
37944,LTR,2,N,Servine (Normal),
37945,LTR,2,RH,Servine (Reverse Holo),
37946,LTR,3,N,Serperior (Normal),
37947,LTR,3,RH,Serperior (Reverse Holo),
37948,LTR,4,N,Growlithe (Normal),
37949,LTR,4,RH,Growlithe (Reverse Holo),
37950,LTR,5,N,Torchic (Normal),
37951,LTR,5,RH,Torchic (Reverse Holo),
37952,LTR,6,N,Piplup (Normal),
37953,LTR,6,RH,Piplup (Reverse Holo),
37954,LTR,7,N,Pikachu (Normal),
37955,LTR,7,RH,Pikachu (Reverse Holo),
37956,LTR,8,N,Ralts (Normal),
37957,LTR,8,RH,Ralts (Reverse Holo),
37962,LTR,11,N,Meloetta-EX (Normal),
37963,LTR,11,RH,Meloetta-EX (Reverse Holo),
37964,LTR,12,N,Stunfisk (Normal),
37965,LTR,12,RH,Stunfisk (Reverse Holo),
37966,LTR,13,N,Purrloin (Normal),
37967,LTR,13,RH,Purrloin (Reverse Holo),
37968,LTR,14,N,Eevee (Normal),
37969,LTR,14,RH,Eevee (Reverse Holo),
37970,LTR,15,N,Teddiursa (Normal),
37971,LTR,15,RH,Teddiursa (Reverse Holo),
37972,LTR,16,N,Ursaring (Normal),
37973,LTR,16,RH,Ursaring (Reverse Holo),
37974,LTR,17,N,Audino (Normal),
37975,LTR,17,RH,Audino (Reverse Holo),
37976,LTR,18,N,Minccino (Normal),
37977,LTR,18,RH,Minccino (Reverse Holo),
37978,LTR,19,N,Cinccino (Normal),
37979,LTR,19,RH,Cinccino (Reverse Holo),
37980,LTR,20,N,Elesa (Normal),
37981,LTR,20,RH,Elesa (Reverse Holo),
31468,N4,17,1E,Dark Ariados (1st Edition),
31469,N4,17,N,Dark Ariados (Normal),
31470,N4,18,1E,Dark Magcargo (1st Edition),
31471,N4,18,N,Dark Magcargo (Normal),
31472,N4,19,1E,Dark Omastar (1st Edition),
31473,N4,19,N,Dark Omastar (Normal),
31474,N4,20,1E,Dark Slowking (1st Edition),
31475,N4,20,N,Dark Slowking (Normal),
31476,N4,21,1E,Dark Ursaring (1st Edition),
31477,N4,21,N,Dark Ursaring (Normal),
31478,N4,22,1E,Light Dragonair (1st Edition),
31479,N4,22,N,Light Dragonair (Normal),
31480,N4,23,1E,Light Lanturn (1st Edition),
31481,N4,23,N,Light Lanturn (Normal),
31482,N4,24,1E,Light Ledian (1st Edition),
31483,N4,24,N,Light Ledian (Normal),
31484,N4,25,1E,Light Machamp (1st Edition),
31485,N4,25,N,Light Machamp (Normal),
31486,N4,26,1E,Light Piloswine (1st Edition),
31487,N4,26,N,Light Piloswine (Normal),
31488,N4,27,1E,Unown [G] (1st Edition),
31489,N4,27,N,Unown [G] (Normal),
31490,N4,28,1E,Unown [H] (1st Edition),
31491,N4,28,N,Unown [H] (Normal),
31492,N4,29,1E,Unown [W] (1st Edition),
31493,N4,29,N,Unown [W] (Normal),
31494,N4,30,1E,Unown [X] (1st Edition),
31495,N4,30,N,Unown [X] (Normal),
31496,N4,31,1E,Chansey (1st Edition),
31497,N4,31,N,Chansey (Normal),
31498,N4,32,1E,Dark Croconaw (1st Edition),
31499,N4,32,N,Dark Croconaw (Normal),
31502,N4,34,1E,Dark Flaaffy (1st Edition),
31503,N4,34,N,Dark Flaaffy (Normal),
31504,N4,35,1E,Dark Forretress (1st Edition),
31505,N4,35,N,Dark Forretress (Normal),
31506,N4,36,1E,Dark Haunter (1st Edition),
31507,N4,36,N,Dark Haunter (Normal),
31508,N4,37,1E,Dark Omanyte (1st Edition),
31509,N4,37,N,Dark Omanyte (Normal),
31510,N4,38,1E,Dark Pupitar (1st Edition),
31511,N4,38,N,Dark Pupitar (Normal),
31512,N4,39,1E,Dark Quilava (1st Edition),
31513,N4,39,N,Dark Quilava (Normal),
31514,N4,40,1E,Dark Wigglytuff (1st Edition),
31515,N4,40,N,Dark Wigglytuff (Normal),
31516,N4,41,1E,Heracross (1st Edition),
31517,N4,41,N,Heracross (Normal),
31518,N4,42,1E,Hitmonlee (1st Edition),
31519,N4,42,N,Hitmonlee (Normal),
31520,N4,43,1E,Houndour (1st Edition),
31521,N4,43,N,Houndour (Normal),
31522,N4,44,1E,Jigglypuff (1st Edition),
31523,N4,44,N,Jigglypuff (Normal),
31524,N4,45,1E,Light Dewgong (1st Edition),
31525,N4,45,N,Light Dewgong (Normal),
31526,N4,46,1E,Light Flareon (1st Edition),
31527,N4,46,N,Light Flareon (Normal),
31528,N4,47,1E,Light Golduck (1st Edition),
31529,N4,47,N,Light Golduck (Normal),
31530,N4,48,1E,Light Jolteon (1st Edition),
31531,N4,48,N,Light Jolteon (Normal),
31532,N4,49,1E,Light Machoke (1st Edition),
31533,N4,49,N,Light Machoke (Normal),
31534,N4,50,1E,Light Ninetales (1st Edition),
31535,N4,50,N,Light Ninetales (Normal),
31536,N4,51,1E,Light Slowbro (1st Edition),
31537,N4,51,N,Light Slowbro (Normal),
31538,N4,52,1E,Light Vaporeon (1st Edition),
31539,N4,52,N,Light Vaporeon (Normal),
31540,N4,53,1E,Light Venomoth (1st Edition),
31541,N4,53,N,Light Venomoth (Normal),
31542,N4,54,1E,Light Wigglytuff (1st Edition),
31543,N4,54,N,Light Wigglytuff (Normal),
31544,N4,55,1E,Scyther (1st Edition),
31545,N4,55,N,Scyther (Normal),
31546,N4,56,1E,Togepi (1st Edition),
31547,N4,56,N,Togepi (Normal),
31548,N4,57,1E,Unown [C] (1st Edition),
31549,N4,57,N,Unown [C] (Normal),
31550,N4,58,1E,Unown [P] (1st Edition),
31551,N4,58,N,Unown [P] (Normal),
31552,N4,59,1E,Unown [Q] (1st Edition),
31553,N4,59,N,Unown [Q] (Normal),
31554,N4,60,1E,Unown [Z] (1st Edition),
31555,N4,60,N,Unown [Z] (Normal),
31556,N4,61,1E,Cyndaquil (1st Edition),
31557,N4,61,N,Cyndaquil (Normal),
31558,N4,62,1E,Dark Octillery (1st Edition),
31559,N4,62,N,Dark Octillery (Normal),
31560,N4,63,1E,Dratini (1st Edition),
31561,N4,63,N,Dratini (Normal),
31562,N4,64,1E,Exeggcute (1st Edition),
31563,N4,64,N,Exeggcute (Normal),
31564,N4,65,1E,Gastly (1st Edition),
31565,N4,65,N,Gastly (Normal),
31566,N4,66,1E,Girafarig (1st Edition),
31567,N4,66,N,Girafarig (Normal),
31568,N4,67,1E,Gligar (1st Edition),
31569,N4,67,N,Gligar (Normal),
31570,N4,68,1E,Growlithe (1st Edition),
31571,N4,68,N,Growlithe (Normal),
31572,N4,69,1E,Hitmonchan (1st Edition),
31573,N4,69,N,Hitmonchan (Normal),
31574,N4,70,1E,Larvitar (1st Edition),
31575,N4,70,N,Larvitar (Normal),
31576,N4,71,1E,Ledyba (1st Edition),
31577,N4,71,N,Ledyba (Normal),
31578,N4,72,1E,Light Sunflora (1st Edition),
31579,N4,72,N,Light Sunflora (Normal),
31580,N4,73,1E,Machop (1st Edition),
31581,N4,73,N,Machop (Normal),
31582,N4,74,1E,Mantine (1st Edition),
31583,N4,74,N,Mantine (Normal),
31584,N4,75,1E,Mareep (1st Edition),
31585,N4,75,N,Mareep (Normal),
31586,N4,76,1E,Phanpy (1st Edition),
31587,N4,76,N,Phanpy (Normal),
31588,N4,77,1E,Pineco (1st Edition),
31589,N4,77,N,Pineco (Normal),
31590,N4,78,1E,Porygon (1st Edition),
31591,N4,78,N,Porygon (Normal),
31592,N4,79,1E,Psyduck (1st Edition),
31593,N4,79,N,Psyduck (Normal),
31594,N4,80,1E,Remoraid (1st Edition),
31595,N4,80,N,Remoraid (Normal),
31596,N4,81,1E,Seel (1st Edition),
31597,N4,81,N,Seel (Normal),
31598,N4,82,1E,Slugma (1st Edition),
31599,N4,82,N,Slugma (Normal),
31600,N4,83,1E,Sunkern (1st Edition),
31601,N4,83,N,Sunkern (Normal),
31602,N4,84,1E,Swinub (1st Edition),
31603,N4,84,N,Swinub (Normal),
31604,N4,85,1E,Totodile (1st Edition),
31605,N4,85,N,Totodile (Normal),
31606,N4,86,1E,Unown [L] (1st Edition),
31607,N4,86,N,Unown [L] (Normal),
31608,N4,87,1E,Unown [S] (1st Edition),
31609,N4,87,N,Unown [S] (Normal),
31610,N4,88,1E,Unown [T] (1st Edition),
31611,N4,88,N,Unown [T] (Normal),
31612,N4,89,1E,Unown [V] (1st Edition),
31613,N4,89,N,Unown [V] (Normal),
31614,N4,90,1E,Venonat (1st Edition),
31615,N4,90,N,Venonat (Normal),
31616,N4,91,1E,Vulpix (1st Edition),
31617,N4,91,N,Vulpix (Normal),
31618,N4,92,1E,Broken Ground Gym (1st Edition),
31619,N4,92,N,Broken Ground Gym (Normal),
31620,N4,93,1E,EXP.ALL (1st Edition),
31621,N4,93,N,EXP.ALL (Normal),
31622,N4,94,1E,Impostor Professor Oak's Invention (1st Edition),
31623,N4,94,N,Impostor Professor Oak's Invention (Normal),
31624,N4,95,1E,Radio Tower (1st Edition),
31625,N4,95,N,Radio Tower (Normal),
31628,N4,97,1E,Counterattack Claws (1st Edition),
31629,N4,97,N,Counterattack Claws (Normal),
31630,N4,98,1E,Energy Amplifier (1st Edition),
31631,N4,98,N,Energy Amplifier (Normal),
31632,N4,99,1E,Energy Stadium (1st Edition),
31633,N4,99,N,Energy Stadium (Normal),
31634,N4,100,1E,Lucky Stadium (1st Edition),
31635,N4,100,N,Lucky Stadium (Normal),
31636,N4,101,1E,Magnifier (1st Edition),
31637,N4,101,N,Magnifier (Normal),
31638,N4,102,1E,Pokémon Personality Test (1st Edition),
31639,N4,102,N,Pokémon Personality Test (Normal),
31640,N4,103,1E,Team Rocket's Evil Deeds (1st Edition),
31641,N4,103,N,Team Rocket's Evil Deeds (Normal),
31642,N4,104,1E,Heal Powder (1st Edition),
31643,N4,104,N,Heal Powder (Normal),
31644,N4,105,1E,Mail from Bill (1st Edition),
31645,N4,105,N,Mail from Bill (Normal),
31646,N4,106,1E,Shining Celebi (1st Edition),
31647,N4,106,N,Shining Celebi (Normal),
31648,N4,107,1E,Shining Charizard (1st Edition),
31649,N4,107,N,Shining Charizard (Normal),
31650,N4,108,1E,Shining Kabutops (1st Edition),
31651,N4,108,N,Shining Kabutops (Normal),
2051,N4,109,,Shining Mewtwo,
31652,N4,109,SHN,Shining Mewtwo,
31653,N4,110,SHN,Shining Noctowl,
31654,N4,111,SHN,Shining Raichu,
31655,N4,112,SHN,Shining Steelix,
66645,PL,4,N,Lotad (Normal),
62462,POP4,5,RH,Sceptile (Reverse Holo),
62504,POP4,17,RH,Deoxys ex (Reverse Holo),
62569,POP5,16,RH,Espeon ★ (Reverse Holo),
62573,POP5,17,RH,Umbreon ★ (Reverse Holo),
54737,PR,1,N,Pikachu (Normal),
54738,PR,1,RH,Pikachu (Reverse Holo),
54748,PR,3,RH,Mewtwo (Reverse Holo),
54756,PR,4,RH,Pikachu (Reverse Holo),
54758,PR,5,RH,Dragonite (Reverse Holo),
54784,PR,12,RH,Mewtwo (Reverse Holo),
54788,PR,14,RH,Mewtwo (Reverse Holo),
54792,PR,16,RH,Computer Error (Reverse Holo),
54820,PR,22,RH,Articuno (Reverse Holo),
54827,PR,24,N,_____'s Pikachu (Normal),
54828,PR,24,RH,_____'s Pikachu (Reverse Holo),
54836,PR,26,RH,Pikachu (Reverse Holo),
54838,PR,27,RH,Pikachu (Reverse Holo),
54888,PR,40,RH,Pokémon Center (Reverse Holo),
54896,PR,42,RH,Pokémon Tower (Reverse Holo),
54922,PR,48,RH,Articuno (Reverse Holo),
54930,PR,51,RH,Rapidash (Reverse Holo),
68178,PR-BLW,15,RH,Pidove (Reverse Holo),
68232,PR-BLW,28,N,Tropical Beach (Normal),
68233,PR-BLW,28,RH,Tropical Beach (Reverse Holo),
68245,PR-BLW,32,N,Victini (Normal),
68246,PR-BLW,32,RH,Victini (Reverse Holo),
68259,PR-BLW,36,N,Reshiram-EX (Normal),
68260,PR-BLW,36,RH,Reshiram-EX (Reverse Holo),
68263,PR-BLW,37,N,Kyurem-EX (Normal),
68264,PR-BLW,37,RH,Kyurem-EX (Reverse Holo),
68265,PR-BLW,38,N,Zekrom-EX (Normal),
68266,PR-BLW,38,RH,Zekrom-EX (Reverse Holo),
68291,PR-BLW,45,N,Mewtwo-EX (Normal),
68292,PR-BLW,45,RH,Mewtwo-EX (Reverse Holo),
68295,PR-BLW,46,N,Darkrai-EX (Normal),
68296,PR-BLW,46,RH,Darkrai-EX (Reverse Holo),
68299,PR-BLW,47,N,Rayquaza-EX (Normal),
68300,PR-BLW,47,RH,Rayquaza-EX (Reverse Holo),
68312,PR-BLW,50,RH,Tropical Beach (Reverse Holo),
68356,PR-BLW,61,N,Keldeo-EX (Normal),
68357,PR-BLW,61,RH,Keldeo-EX (Reverse Holo),
68360,PR-BLW,62,N,Black Kyurem-EX (Normal),
68361,PR-BLW,62,RH,Black Kyurem-EX (Reverse Holo),
68363,PR-BLW,63,N,White Kyurem-EX (Normal),
68364,PR-BLW,63,RH,White Kyurem-EX (Reverse Holo),
68399,PR-BLW,73,N,Darkrai (Normal),
68400,PR-BLW,73,RH,Darkrai (Reverse Holo),
68403,PR-BLW,74,N,Giratina (Normal),
68404,PR-BLW,74,RH,Giratina (Reverse Holo),
68411,PR-BLW,76,N,Electrode (Normal),
68412,PR-BLW,76,RH,Electrode (Reverse Holo),
68419,PR-BLW,78,N,Raichu (Normal),
68420,PR-BLW,78,RH,Raichu (Reverse Holo),
68425,PR-BLW,80,N,Druddigon (Normal),
68426,PR-BLW,80,RH,Druddigon (Reverse Holo),
68429,PR-BLW,81,N,Thundurus-EX (Normal),
68430,PR-BLW,81,RH,Thundurus-EX (Reverse Holo),
68432,PR-BLW,82,N,Deoxys-EX (Normal),
68433,PR-BLW,82,RH,Deoxys-EX (Reverse Holo),
68435,PR-BLW,83,N,Lugia-EX (Normal),
68436,PR-BLW,83,RH,Lugia-EX (Reverse Holo),
68439,PR-BLW,84,N,Porygon-Z (Normal),
68440,PR-BLW,84,RH,Porygon-Z (Reverse Holo),
68480,PR-BLW,95,N,Champions Festival (Normal),
68481,PR-BLW,95,RH,Champions Festival (Reverse Holo),
68484,PR-BLW,96,N,Tornadus-EX (Normal),
68485,PR-BLW,96,RH,Tornadus-EX (Reverse Holo),
68500,PR-BLW,100,N,N (Normal),
68501,PR-BLW,100,RH,N (Reverse Holo),
63435,PR-DPP,15,N,Shinx (Normal),
63436,PR-DPP,15,RH,Shinx (Reverse Holo),
63575,PR-DPP,53,N,Arceus LV.X (Normal),
63576,PR-DPP,53,RH,Arceus LV.X (Reverse Holo),
63579,PR-DPP,54,N,Beginning Door (Normal),
63580,PR-DPP,54,RH,Beginning Door (Reverse Holo),
63583,PR-DPP,55,N,Ultimate Zone (Normal),
63584,PR-DPP,55,RH,Ultimate Zone (Reverse Holo),
68821,PR-SM,54,N,Lucario (Normal),
68822,PR-SM,54,RH,Lucario (Reverse Holo),
68918,PR-SM,78,RH,Champions Festival (Reverse Holo),
68940,PR-SM,88,N,Latios (Normal),
68941,PR-SM,88,RH,Latios (Reverse Holo),
68964,PR-SM,95,N,Lucario (Normal),
68965,PR-SM,95,RH,Lucario (Reverse Holo),
69153,PR-SM,148,RH,Champions Festival (Reverse Holo),
69438,PR-SM,231,RH,Champions Festival (Reverse Holo),
43766,PR-SV,13,N,Miraidon (Normal),
43767,PR-SV,13,RH,Miraidon (Reverse Holo),
43922,PR-SV,92,N,Miraidon (Normal),
43923,PR-SV,92,RH,Miraidon (Reverse Holo),
43950,PR-SV,106,N,Pikachu ex (Normal),
43951,PR-SV,106,RH,Pikachu ex (Reverse Holo),
43952,PR-SV,107,N,Mareep (Normal),
43953,PR-SV,107,RH,Mareep (Reverse Holo),
43956,PR-SV,109,N,Ampharos (Normal),
43957,PR-SV,109,RH,Ampharos (Reverse Holo),
43958,PR-SV,110,N,Darkrai ex (Normal),
43959,PR-SV,110,RH,Darkrai ex (Reverse Holo),
43960,PR-SV,111,N,Pawniard (Normal),
43961,PR-SV,111,RH,Pawniard (Reverse Holo),
43962,PR-SV,112,N,Bisharp (Normal),
43963,PR-SV,112,RH,Bisharp (Reverse Holo),
44010,PR-SV,136,N,Bouffalant (Normal),
44011,PR-SV,136,RH,Bouffalant (Reverse Holo),
44034,PR-SV,148,N,Miraidon (Normal),
44035,PR-SV,148,RH,Miraidon (Reverse Holo),
74023,PR-SW,132,N,Dragapult (Normal),
74024,PR-SW,132,RH,Dragapult (Reverse Holo),
74037,PR-SW,135,N,Zacian LV.X (Normal),
74038,PR-SW,135,RH,Zacian LV.X (Reverse Holo),
74043,PR-SW,136,N,Mimikyu δ (Normal),
74044,PR-SW,136,RH,Mimikyu δ (Reverse Holo),
74049,PR-SW,138,N,Hydreigon C (Normal),
74050,PR-SW,138,RH,Hydreigon C (Reverse Holo),
74076,PR-SW,144,N,Greninja ★ (Normal),
74077,PR-SW,144,RH,Greninja ★ (Reverse Holo),
74086,PR-SW,146,N,Poké Ball (Normal),
74087,PR-SW,146,RH,Poké Ball (Reverse Holo),
66351,PR-SW,226,N,Spark (Normal),
66352,PR-SW,226,RH,Spark (Reverse Holo),
74318,PR-SW,240,N,Finneon (Normal),
74319,PR-SW,240,RH,Finneon (Reverse Holo),
20460,PR-XY,7,N,Xerneas-EX (Normal),
20461,PR-XY,7,RH,Xerneas-EX (Reverse Holo),
20462,PR-XY,8,N,Yveltal-EX (Normal),
20463,PR-XY,8,RH,Yveltal-EX (Reverse Holo),
20464,PR-XY,9,N,Garchomp-EX (Normal),
20465,PR-XY,9,RH,Garchomp-EX (Reverse Holo),
20480,PR-XY,17,N,Charizard-EX (Normal),
20481,PR-XY,17,RH,Charizard-EX (Reverse Holo),
20482,PR-XY,18,N,Chesnaught-EX (Normal),
20483,PR-XY,18,RH,Chesnaught-EX (Reverse Holo),
20484,PR-XY,19,N,Delphox-EX (Normal),
20485,PR-XY,19,RH,Delphox-EX (Reverse Holo),
20486,PR-XY,20,N,Greninja-EX (Normal),
20487,PR-XY,20,RH,Greninja-EX (Reverse Holo),
20496,PR-XY,25,N,Krookodile-EX (Normal),
20497,PR-XY,25,RH,Krookodile-EX (Reverse Holo),
20502,PR-XY,28,N,Venusaur-EX (Normal),
20503,PR-XY,28,RH,Venusaur-EX (Reverse Holo),
20504,PR-XY,29,N,Charizard-EX (Normal),
20505,PR-XY,29,RH,Charizard-EX (Reverse Holo),
20506,PR-XY,30,N,Blastoise-EX (Normal),
20507,PR-XY,30,RH,Blastoise-EX (Reverse Holo),
20516,PR-XY,35,N,M Metagross-EX (Normal),
20517,PR-XY,35,RH,M Metagross-EX (Reverse Holo),
20528,PR-XY,41,N,Kyogre-EX (Normal),
20529,PR-XY,41,RH,Kyogre-EX (Reverse Holo),
20530,PR-XY,42,N,Groudon-EX (Normal),
20531,PR-XY,42,RH,Groudon-EX (Reverse Holo),
20532,PR-XY,43,N,Diancie-EX (Normal),
20533,PR-XY,43,RH,Diancie-EX (Reverse Holo),
20534,PR-XY,44,N,M Diancie-EX (Normal),
20535,PR-XY,44,RH,M Diancie-EX (Reverse Holo),
20536,PR-XY,45,N,Gallade-EX (Normal),
20537,PR-XY,45,RH,Gallade-EX (Reverse Holo),
20552,PR-XY,53,N,Sceptile-EX (Normal),
20553,PR-XY,53,RH,Sceptile-EX (Reverse Holo),
20554,PR-XY,54,N,Blaziken-EX (Normal),
20555,PR-XY,54,RH,Blaziken-EX (Reverse Holo),
20556,PR-XY,55,N,Swampert-EX (Normal),
20557,PR-XY,55,RH,Swampert-EX (Reverse Holo),
20568,PR-XY,61,N,Flygon-EX (Normal),
20569,PR-XY,61,RH,Flygon-EX (Reverse Holo),
20570,PR-XY,62,N,Absol-EX (Normal),
20571,PR-XY,62,RH,Absol-EX (Reverse Holo),
20572,PR-XY,63,N,M Absol-EX (Normal),
20573,PR-XY,63,RH,M Absol-EX (Reverse Holo),
20578,PR-XY,66,N,Rayquaza-EX (Normal),
20579,PR-XY,66,RH,Rayquaza-EX (Reverse Holo),
20586,PR-XY,69,N,Rayquaza-EX (Normal),
20587,PR-XY,69,RH,Rayquaza-EX (Reverse Holo),
20588,PR-XY,70,N,Tyrantrum-EX (Normal),
20589,PR-XY,70,RH,Tyrantrum-EX (Reverse Holo),
20590,PR-XY,71,N,Hoopa-EX (Normal),
20591,PR-XY,71,RH,Hoopa-EX (Reverse Holo),
20592,PR-XY,72,N,Latios-EX (Normal),
20593,PR-XY,72,RH,Latios-EX (Reverse Holo),
20594,PR-XY,73,N,Rayquaza-EX (Normal),
20595,PR-XY,73,RH,Rayquaza-EX (Reverse Holo),
20596,PR-XY,74,N,Reshiram (Normal),
20597,PR-XY,74,RH,Reshiram (Reverse Holo),
20598,PR-XY,75,N,Palkia (Normal),
20599,PR-XY,75,RH,Palkia (Reverse Holo),
20600,PR-XY,76,N,Zekrom (Normal),
20601,PR-XY,76,RH,Zekrom (Reverse Holo),
20602,PR-XY,77,N,Dialga (Normal),
20603,PR-XY,77,RH,Dialga (Reverse Holo),
20604,PR-XY,78,N,Latias (Normal),
20605,PR-XY,78,RH,Latias (Reverse Holo),
20612,PR-XY,82,N,Regigigas (Normal),
20613,PR-XY,82,RH,Regigigas (Reverse Holo),
20616,PR-XY,84,N,Pikachu-EX (Normal),
20617,PR-XY,84,RH,Pikachu-EX (Reverse Holo),
20618,PR-XY,85,N,Hoopa-EX (Normal),
20619,PR-XY,85,RH,Hoopa-EX (Reverse Holo),
20622,PR-XY,87,N,M Swampert-EX (Normal),
20623,PR-XY,87,RH,M Swampert-EX (Reverse Holo),
20642,PR-XY,97,N,Aerodactyl-EX (Normal),
20643,PR-XY,97,RH,Aerodactyl-EX (Reverse Holo),
20644,PR-XY,98,N,M Aerodactyl-EX (Normal),
20645,PR-XY,98,RH,M Aerodactyl-EX (Reverse Holo),
20652,PR-XY,102,N,Aurorus-EX (Normal),
20653,PR-XY,102,RH,Aurorus-EX (Reverse Holo),
20654,PR-XY,103,N,Mawile-EX (Normal),
20655,PR-XY,103,RH,Mawile-EX (Reverse Holo),
20656,PR-XY,104,N,M Mawile-EX (Normal),
20657,PR-XY,104,RH,M Mawile-EX (Reverse Holo),
20660,PR-XY,106,N,Gyarados-EX (Normal),
20661,PR-XY,106,RH,Gyarados-EX (Reverse Holo),
20662,PR-XY,107,N,Mewtwo-EX (Normal),
20663,PR-XY,107,RH,Mewtwo-EX (Reverse Holo),
20664,PR-XY,108,N,Machamp-EX (Normal),
20665,PR-XY,108,RH,Machamp-EX (Reverse Holo),
20690,PR-XY,121,N,Charizard-EX (Normal),
20691,PR-XY,121,RH,Charizard-EX (Reverse Holo),
20692,PR-XY,122,N,Blastoise-EX (Normal),
20693,PR-XY,122,RH,Blastoise-EX (Reverse Holo),
20694,PR-XY,123,N,Venusaur-EX (Normal),
20695,PR-XY,123,RH,Venusaur-EX (Reverse Holo),
20696,PR-XY,124,N,Pikachu-EX (Normal),
20697,PR-XY,124,RH,Pikachu-EX (Reverse Holo),
20698,PR-XY,125,N,Mewtwo-EX (Normal),
20699,PR-XY,125,RH,Mewtwo-EX (Reverse Holo),
20700,PR-XY,126,N,Mew-EX (Normal),
20701,PR-XY,126,RH,Mew-EX (Reverse Holo),
20714,PR-XY,133,N,Ash-Greninja-EX (Normal),
20715,PR-XY,133,RH,Ash-Greninja-EX (Reverse Holo),
20744,PR-XY,148,N,Shaymin-EX (Normal),
20745,PR-XY,148,RH,Shaymin-EX (Reverse Holo),
20746,PR-XY,149,N,Xerneas-EX (Normal),
20747,PR-XY,149,RH,Xerneas-EX (Reverse Holo),
20750,PR-XY,150,N,Yveltal-EX (Normal),
20751,PR-XY,150,RH,Yveltal-EX (Reverse Holo),
20752,PR-XY,151,N,Zygarde-EX (Normal),
20753,PR-XY,151,RH,Zygarde-EX (Reverse Holo),
20764,PR-XY,157,N,Beedrill-EX (Normal),
20765,PR-XY,157,RH,Beedrill-EX (Reverse Holo),
20766,PR-XY,158,N,M Beedrill-EX (Normal),
20767,PR-XY,158,RH,M Beedrill-EX (Reverse Holo),
20782,PR-XY,166,N,M Gengar-EX (Normal),
20783,PR-XY,166,RH,M Gengar-EX (Reverse Holo),
20784,PR-XY,167,N,Garchomp-EX (Normal),
20785,PR-XY,167,RH,Garchomp-EX (Reverse Holo),
20786,PR-XY,168,N,M Garchomp-EX (Normal),
20787,PR-XY,168,RH,M Garchomp-EX (Reverse Holo),
20790,PR-XY,170,N,Salamence-EX (Normal),
20791,PR-XY,170,RH,Salamence-EX (Reverse Holo),
20792,PR-XY,171,N,M Salamence-EX (Normal),
20793,PR-XY,171,RH,M Salamence-EX (Reverse Holo),
20796,PR-XY,173,N,Volcanion-EX (Normal),
20797,PR-XY,173,RH,Volcanion-EX (Reverse Holo),
20798,PR-XY,174,N,Pikachu-EX (Normal),
20799,PR-XY,174,RH,Pikachu-EX (Reverse Holo),
20800,PR-XY,175,N,Magearna-EX (Normal),
20801,PR-XY,175,RH,Magearna-EX (Reverse Holo),
20818,PR-XY,183,N,Mewtwo-EX (Normal),
20819,PR-XY,183,RH,Mewtwo-EX (Reverse Holo),
20850,PR-XY,198,N,M Camerupt-EX (Normal),
20851,PR-XY,198,RH,M Camerupt-EX (Reverse Holo),
20856,PR-XY,200,N,M Sharpedo-EX (Normal),
20857,PR-XY,200,RH,M Sharpedo-EX (Reverse Holo),
20864,PR-XY,204,N,Gym Badge (Normal),
20865,PR-XY,204,RH,Gym Badge (Reverse Holo),
20866,PR-XY,205,N,Gym Badge (Normal),
20867,PR-XY,205,RH,Gym Badge (Reverse Holo),
20868,PR-XY,206,N,Gym Badge (Normal),
20869,PR-XY,206,RH,Gym Badge (Reverse Holo),
20870,PR-XY,207,N,Gym Badge (Normal),
20871,PR-XY,207,RH,Gym Badge (Reverse Holo),
20872,PR-XY,208,N,Gym Badge (Normal),
20873,PR-XY,208,RH,Gym Badge (Reverse Holo),
20874,PR-XY,209,N,Gym Badge (Normal),
20875,PR-XY,209,RH,Gym Badge (Reverse Holo),
20876,PR-XY,210,N,Gym Badge (Normal),
20877,PR-XY,210,RH,Gym Badge (Reverse Holo),
67106,RR,1,N,Fan Rotom (Normal),
67110,RR,2,N,Frost Rotom (Normal),
67116,RR,3,N,Heat Rotom (Normal),
67123,RR,5,N,Wash Rotom (Normal),
67125,RR,6,N,Charon's Choice (Normal),
66150,SF,2,N,Duskull (Normal),
66153,SF,3,N,Voltorb (Normal),
49625,SK,1,H,Alakazam (Holo),
49626,SK,1,RH-H,Alakazam (Reverse Holo),
56969,SK,21,RH-H,Nidoqueen (Reverse Holo),
56973,SK,23,RH-H,Politoed (Reverse Holo),
56985,SK,28,RH-H,Starmie (Reverse Holo),
41303,SUM,164,N,Grass Energy (Normal),
41304,SUM,164,RH,Grass Energy (Reverse Holo),
41305,SUM,165,N,Fire Energy (Normal),
41306,SUM,165,RH,Fire Energy (Reverse Holo),
41307,SUM,166,N,Water Energy (Normal),
41308,SUM,166,RH,Water Energy (Reverse Holo),
41309,SUM,167,N,Lightning Energy (Normal),
41310,SUM,167,RH,Lightning Energy (Reverse Holo),
41311,SUM,168,N,Psychic Energy (Normal),
41312,SUM,168,RH,Psychic Energy (Reverse Holo),
41313,SUM,169,N,Fighting Energy (Normal),
41314,SUM,169,RH,Fighting Energy (Reverse Holo),
41315,SUM,170,N,Darkness Energy (Normal),
41316,SUM,170,RH,Darkness Energy (Reverse Holo),
41317,SUM,171,N,Metal Energy (Normal),
41318,SUM,171,RH,Metal Energy (Reverse Holo),
41319,SUM,172,N,Fairy Energy (Normal),
41320,SUM,172,RH,Fairy Energy (Reverse Holo),
67686,SV,7,N,Milotic (Normal),
67689,SV,8,N,Relicanth (Normal),
67692,SV,9,N,Yanma (Normal),
85147,SV3PT5,34,N,Nidoking (Normal),
85318,SV3PT5,122,N,Mr. Mime (Normal),
58669,TRR,107,GS,Mudkip ★,
60021,UF,1,N,Unown (Normal),
60022,UF,1,RH,Unown (Reverse Holo),
