sku,name,description,price,discount,quantity,weight,seo title,seo description,user friendly url,type,categories,hidden,shipping required,option:Variant,option:Rarity,option:Artist,variant:Artist,variant sku,variant price,variant discount,variant quantity,variant weight,productId
me3-1-norm,Meg - POR - 1 - Spinarak - COMMON - Normal,<p>Series: Mega Evolution<br />\nSet: Perfect Order<br />\nRarity: COMMON<br />\nRelease Date: 2025/12/19<br />\nArtist: Unknown<br />\nNumber in Set: 001/088</p>,1.0,0.0,0.0,0.0,Meg - POR - 1 - Spinarak - COMMON - Normal,Meg - POR - 1 - Spinarak - COMMON - Normal,meg-por-1-spinarak-common-normal,Common,Mega Evolution Era; Grass; Pokémon Cards,,1.0,Normal,COMMON,Unknown,,,,,,,684397
me3-1-rev,Meg - POR - 1 - Spinarak - COMMON - Reverse Holo,<p>Series: Mega Evolution<br />\nSet: Perfect Order<br />\nRarity: COMMON<br />\nRelease Date: 2025/12/19<br />\nArtist: Unknown<br />\nNumber in Set: 001/088</p>,3.5,0.0,0.0,0.0,Meg - POR - 1 - Spinarak - COMMON - Reverse Holo,Meg - POR - 1 - Spinarak - COMMON - Reverse Holo,meg-por-1-spinarak-common-reverse-holo,Common (Rev Holo),Mega Evolution Era; Grass; Pokémon Cards,,1.0,Reverse Holo,COMMON,Unknown,,,,,,,684397
me3-2-norm,Meg - POR - 2 - Ariados - COMMON - Normal,<p>Series: Mega Evolution<br />\nSet: Perfect Order<br />\nRarity: COMMON<br />\nRelease Date: 2025/12/19<br />\nArtist: Unknown<br />\nNumber in Set: 002/088</p>,1.5,0.0,0.0,0.0,Meg - POR - 2 - Ariados - COMMON - Normal,Meg - POR - 2 - Ariados - COMMON - Normal,meg-por-2-ariados-common-normal,Common,Mega Evolution Era; Grass; Pokémon Cards,,1.0,Normal,COMMON,Unknown,,,,,,,684398
me3-2-rev,Meg - POR - 2 - Ariados - COMMON - Reverse Holo,<p>Series: Mega Evolution<br />\nSet: Perfect Order<br />\nRarity: COMMON<br />\nRelease Date: 2025/12/19<br />\nArtist: Unknown<br />\nNumber in Set: 002/088</p>,5.0,0.0,0.0,0.0,Meg - POR - 2 - Ariados - COMMON - Reverse Holo,Meg - POR - 2 - Ariados - COMMON - Reverse Holo,meg-por-2-ariados-common-reverse-holo,Common (Rev Holo),Mega Evolution Era; Grass; Pokémon Cards,,1.0,Reverse Holo,COMMON,Unknown,,,,,,,684398
me3-3-norm,Meg - POR - 3 - Shaymin - UNCOMMON - Normal,<p>Series: Mega Evolution<br />\nSet: Perfect Order<br />\nRarity: UNCOMMON<br />\nRelease Date: 2025/12/19<br />\nArtist: Unknown<br />\nNumber in Set: 003/088</p>,2.0,0.0,0.0,0.0,Meg - POR - 3 - Shaymin - UNCOMMON - Normal,Meg - POR - 3 - Shaymin - UNCOMMON - Normal,meg-por-3-shaymin-uncommon-normal,Uncommon,Mega Evolution Era; Grass; Pokémon Cards,,1.0,Normal,UNCOMMON,Unknown,,,,,,,684399
me3-3-rev,Meg - POR - 3 - Shaymin - UNCOMMON - Reverse Holo,<p>Series: Mega Evolution<br />\nSet: Perfect Order<br />\nRarity: UNCOMMON<br />\nRelease Date: 2025/12/19<br />\nArtist: Unknown<br />\nNumber in Set: 003/088</p>,3.5,0.0,0.0,0.0,Meg - POR - 3 - Shaymin - UNCOMMON - Reverse Holo,Meg - POR - 3 - Shaymin - UNCOMMON - Reverse Holo,meg-por-3-shaymin-uncommon-reverse-holo,Uncommon (Rev Holo),Mega Evolution Era; Grass; Pokémon Cards,,1.0,Reverse Holo,UNCOMMON,Unknown,,,,,,,684399
me3-4-norm,Meg - POR - 4 - Snivy - COMMON - Normal,<p>Series: Mega Evolution<br />\nSet: Perfect Order<br />\nRarity: COMMON<br />\nRelease Date: 2025/12/19<br />\nArtist: Unknown<br />\nNumber in Set: 004/088</p>,2.5,0.0,0.0,0.0,Meg - POR - 4 - Snivy - COMMON - Normal,Meg - POR - 4 - Snivy - COMMON - Normal,meg-por-4-snivy-common-normal,Common,Mega Evolution Era; Grass; Pokémon Cards,,1.0,Normal,COMMON,Unknown,,,,,,,684400
me3-4-rev,Meg - POR - 4 - Snivy - COMMON - Reverse Holo,<p>Series: Mega Evolution<br />\nSet: Perfect Order<br />\nRarity: COMMON<br />\nRelease Date: 2025/12/19<br />\nArtist: Unknown<br />\nNumber in Set: 004/088</p>,5.5,0.0,0.0,0.0,Meg - POR - 4 - Snivy - COMMON - Reverse Holo,Meg - POR - 4 - Snivy - COMMON - Reverse Holo,meg-por-4-snivy-common-reverse-holo,Common (Rev Holo),Mega Evolution Era; Grass; Pokémon Cards,,1.0,Reverse Holo,COMMON,Unknown,,,,,,,684400
me3-5-norm,Meg - POR - 5 - Servine - COMMON - Normal,<p>Series: Mega Evolution<br />\nSet: Perfect Order<br />\nRarity: COMMON<br />\nRelease Date: 2025/12/19<br />\nArtist: Unknown<br />\nNumber in Set: 005/088</p>,2.5,0.0,0.0,0.0,Meg - POR - 5 - Servine - COMMON - Normal,Meg - POR - 5 - Servine - COMMON - Normal,meg-por-5-servine-common-normal,Common,Mega Evolution Era; Grass; Pokémon Cards,,1.0,Normal,COMMON,Unknown,,,,,,,684401
me3-5-rev,Meg - POR - 5 - Servine - COMMON - Reverse Holo,<p>Series: Mega Evolution<br />\nSet: Perfect Order<br />\nRarity: COMMON<br />\nRelease Date: 2025/12/19<br />\nArtist: Unknown<br />\nNumber in Set: 005/088</p>,5.0,0.0,0.0,0.0,Meg - POR - 5 - Servine - COMMON - Reverse Holo,Meg - POR - 5 - Servine - COMMON - Reverse Holo,meg-por-5-servine-common-reverse-holo,Common (Rev Holo),Mega Evolution Era; Grass; Pokémon Cards,,1.0,Reverse Holo,COMMON,Unknown,,,,,,,684401
me3-6-rev,Meg - POR - 6 - Serperior - RARE - Reverse Holo,<p>Series: Mega Evolution<br />\nSet: Perfect Order<br />\nRarity: RARE<br />\nRelease Date: 2025/12/19<br />\nArtist: Unknown<br />\nNumber in Set: 006/088</p>,3.5,0.0,0.0,0.0,Meg - POR - 6 - Serperior - RARE - Reverse Holo,Meg - POR - 6 - Serperior - RARE - Reverse Holo,meg-por-6-serperior-rare-reverse-holo,Rare (Rev Holo),Mega Evolution Era; Grass; Pokémon Cards,,1.0,Reverse Holo,RARE,Unknown,,,,,,,684402
me3-6-holo,Meg - POR - 6 - Serperior - RARE - Holofoil,<p>Series: Mega Evolution<br />\nSet: Perfect Order<br />\nRarity: RARE<br />\nRelease Date: 2025/12/19<br />\nArtist: Unknown<br />\nNumber in Set: 006/088</p>,3.5,0.0,0.0,0.0,Meg - POR - 6 - Serperior - RARE - Holofoil,Meg - POR - 6 - Serperior - RARE - Holofoil,meg-por-6-serperior-rare-holofoil,Rare,Mega Evolution Era; Grass; Pokémon Cards,,1.0,Holofoil,RARE,Unknown,,,,,,,684402
me3-7-norm,Meg - POR - 7 - Scatterbug - COMMON - Normal,<p>Series: Mega Evolution<br />\nSet: Perfect Order<br />\nRarity: COMMON<br />\nRelease Date: 2025/12/19<br />\nArtist: Unknown<br />\nNumber in Set: 007/088</p>,2.0,0.0,0.0,0.0,Meg - POR - 7 - Scatterbug - COMMON - Normal,Meg - POR - 7 - Scatterbug - COMMON - Normal,meg-por-7-scatterbug-common-normal,Common,Mega Evolution Era; Grass; Pokémon Cards,,1.0,Normal,COMMON,Unknown,,,,,,,684363
me3-7-rev,Meg - POR - 7 - Scatterbug - COMMON - Reverse Holo,<p>Series: Mega Evolution<br />\nSet: Perfect Order<br />\nRarity: COMMON<br />\nRelease Date: 2025/12/19<br />\nArtist: Unknown<br />\nNumber in Set: 007/088</p>,4.5,0.0,0.0,0.0,Meg - POR - 7 - Scatterbug - COMMON - Reverse Holo,Meg - POR - 7 - Scatterbug - COMMON - Reverse Holo,meg-por-7-scatterbug-common-reverse-holo,Common (Rev Holo),Mega Evolution Era; Grass; Pokémon Cards,,1.0,Reverse Holo,COMMON,Unknown,,,,,,,684363
me3-8-norm,Meg - POR - 8 - Spewpa - COMMON - Normal,<p>Series: Mega Evolution<br />\nSet: Perfect Order<br />\nRarity: COMMON<br />\nRelease Date: 2025/12/19<br />\nArtist: Unknown<br />\nNumber in Set: 008/088</p>,3.5,0.0,0.0,0.0,Meg - POR - 8 - Spewpa - COMMON - Normal,Meg - POR - 8 - Spewpa - COMMON - Normal,meg-por-8-spewpa-common-normal,Common,Mega Evolution Era; Grass; Pokémon Cards,,1.0,Normal,COMMON,Unknown,,,,,,,684364
me3-8-rev,Meg - POR - 8 - Spewpa - COMMON - Reverse Holo,<p>Series: Mega Evolution<br />\nSet: Perfect Order<br />\nRarity: COMMON<br />\nRelease Date: 2025/12/19<br />\nArtist: Unknown<br />\nNumber in Set: 008/088</p>,5.5,0.0,0.0,0.0,Meg - POR - 8 - Spewpa - COMMON - Reverse Holo,Meg - POR - 8 - Spewpa - COMMON - Reverse Holo,meg-por-8-spewpa-common-reverse-holo,Common (Rev Holo),Mega Evolution Era; Grass; Pokémon Cards,,1.0,Reverse Holo,COMMON,Unknown,,,,,,,684364
me3-9-norm,Meg - POR - 9 - Vivillon - UNCOMMON - Normal,<p>Series: Mega Evolution<br />\nSet: Perfect Order<br />\nRarity: UNCOMMON<br />\nRelease Date: 2025/12/19<br />\nArtist: Unknown<br />\nNumber in Set: 009/088</p>,2.5,0.0,0.0,0.0,Meg - POR - 9 - Vivillon - UNCOMMON - Normal,Meg - POR - 9 - Vivillon - UNCOMMON - Normal,meg-por-9-vivillon-uncommon-normal,Uncommon,Mega Evolution Era; Grass; Pokémon Cards,,1.0,Normal,UNCOMMON,Unknown,,,,,,,684366
me3-9-rev,Meg - POR - 9 - Vivillon - UNCOMMON - Reverse Holo,<p>Series: Mega Evolution<br />\nSet: Perfect Order<br />\nRarity: UNCOMMON<br />\nRelease Date: 2025/12/19<br />\nArtist: Unknown<br />\nNumber in Set: 009/088</p>,3.5,0.0,0.0,0.0,Meg - POR - 9 - Vivillon - UNCOMMON - Reverse Holo,Meg - POR - 9 - Vivillon - UNCOMMON - Reverse Holo,meg-por-9-vivillon-uncommon-reverse-holo,Uncommon (Rev Holo),Mega Evolution Era; Grass; Pokémon Cards,,1.0,Reverse Holo,UNCOMMON,Unknown,,,,,,,684366
me3-10-norm,Meg - POR - 10 - Rowlet - COMMON - Normal,<p>Series: Mega Evolution<br />\nSet: Perfect Order<br />\nRarity: COMMON<br />\nRelease Date: 2025/12/19<br />\nArtist: Unknown<br />\nNumber in Set: 010/088</p>,3.0,0.0,0.0,0.0,Meg - POR - 10 - Rowlet - COMMON - Normal,Meg - POR - 10 - Rowlet - COMMON - Normal,meg-por-10-rowlet-common-normal,Common,Mega Evolution Era; Grass; Pokémon Cards,,1.0,Normal,COMMON,Unknown,,,,,,,684367
me3-10-rev,Meg - POR - 10 - Rowlet - COMMON - Reverse Holo,<p>Series: Mega Evolution<br />\nSet: Perfect Order<br />\nRarity: COMMON<br />\nRelease Date: 2025/12/19<br />\nArtist: Unknown<br />\nNumber in Set: 010/088</p>,5.0,0.0,0.0,0.0,Meg - POR - 10 - Rowlet - COMMON - Reverse Holo,Meg - POR - 10 - Rowlet - COMMON - Reverse Holo,meg-por-10-rowlet-common-reverse-holo,Common (Rev Holo),Mega Evolution Era; Grass; Pokémon Cards,,1.0,Reverse Holo,COMMON,Unknown,,,,,,,684367
me3-11-norm,Meg - POR - 11 - Dartrix - COMMON - Normal,<p>Series: Mega Evolution<br />\nSet: Perfect Order<br />\nRarity: COMMON<br />\nRelease Date: 2025/12/19<br />\nArtist: Unknown<br />\nNumber in Set: 011/088</p>,3.0,0.0,0.0,0.0,Meg - POR - 11 - Dartrix - COMMON - Normal,Meg - POR - 11 - Dartrix - COMMON - Normal,meg-por-11-dartrix-common-normal,Common,Mega Evolution Era; Grass; Pokémon Cards,,1.0,Normal,COMMON,Unknown,,,,,,,684369
me3-11-rev,Meg - POR - 11 - Dartrix - COMMON - Reverse Holo,<p>Series: Mega Evolution<br />\nSet: Perfect Order<br />\nRarity: COMMON<br />\nRelease Date: 2025/12/19<br />\nArtist: Unknown<br />\nNumber in Set: 011/088</p>,5.0,0.0,0.0,0.0,Meg - POR - 11 - Dartrix - COMMON - Reverse Holo,Meg - POR - 11 - Dartrix - COMMON - Reverse Holo,meg-por-11-dartrix-common-reverse-holo,Common (Rev Holo),Mega Evolution Era; Grass; Pokémon Cards,,1.0,Reverse Holo,COMMON,Unknown,,,,,,,684369
me3-12-holo,Meg - POR - 12 - Decidueye ex - DOUBLE_RARE - Holofoil,<p>Series: Mega Evolution<br />\nSet: Perfect Order<br />\nRarity: DOUBLE_RARE<br />\nRelease Date: 2025/12/19<br />\nArtist: Unknown<br />\nNumber in Set: 012/088</p>,10.0,0.0,0.0,0.0,Meg - POR - 12 - Decidueye ex - DOUBLE_RARE - Holofoil,Meg - POR - 12 - Decidueye ex - DOUBLE_RARE - Holofoil,meg-por-12-decidueye-ex-double-rare-holofoil,Double Rare,Mega Evolution Era; Grass; Pokémon Cards,,1.0,Holofoil,DOUBLE_RARE,Unknown,,,,,,,684370
me3-13-norm,Meg - POR - 13 - Fletchinder - COMMON - Normal,<p>Series: Mega Evolution<br />\nSet: Perfect Order<br />\nRarity: COMMON<br />\nRelease Date: 2025/12/19<br />\nArtist: Unknown<br />\nNumber in Set: 013/088</p>,2.5,0.0,0.0,0.0,Meg - POR - 13 - Fletchinder - COMMON - Normal,Meg - POR - 13 - Fletchinder - COMMON - Normal,meg-por-13-fletchinder-common-normal,Common,Mega Evolution Era; Fire; Pokémon Cards,,1.0,Normal,COMMON,Unknown,,,,,,,684404
me3-13-rev,Meg - POR - 13 - Fletchinder - COMMON - Reverse Holo,<p>Series: Mega Evolution<br />\nSet: Perfect Order<br />\nRarity: COMMON<br />\nRelease Date: 2025/12/19<br />\nArtist: Unknown<br />\nNumber in Set: 013/088</p>,4.5,0.0,0.0,0.0,Meg - POR - 13 - Fletchinder - COMMON - Reverse Holo,Meg - POR - 13 - Fletchinder - COMMON - Reverse Holo,meg-por-13-fletchinder-common-reverse-holo,Common (Rev Holo),Mega Evolution Era; Fire; Pokémon Cards,,1.0,Reverse Holo,COMMON,Unknown,,,,,,,684404
me3-14-norm,Meg - POR - 14 - Talonflame - UNCOMMON - Normal,<p>Series: Mega Evolution<br />\nSet: Perfect Order<br />\nRarity: UNCOMMON<br />\nRelease Date: 2025/12/19<br />\nArtist: Unknown<br />\nNumber in Set: 014/088</p>,3.0,0.0,0.0,0.0,Meg - POR - 14 - Talonflame - UNCOMMON - Normal,Meg - POR - 14 - Talonflame - UNCOMMON - Normal,meg-por-14-talonflame-uncommon-normal,Uncommon,Mega Evolution Era; Fire; Pokémon Cards,,1.0,Normal,UNCOMMON,Unknown,,,,,,,684405
me3-14-rev,Meg - POR - 14 - Talonflame - UNCOMMON - Reverse Holo,<p>Series: Mega Evolution<br />\nSet: Perfect Order<br />\nRarity: UNCOMMON<br />\nRelease Date: 2025/12/19<br />\nArtist: Unknown<br />\nNumber in Set: 014/088</p>,5.0,0.0,0.0,0.0,Meg - POR - 14 - Talonflame - UNCOMMON - Reverse Holo,Meg - POR - 14 - Talonflame - UNCOMMON - Reverse Holo,meg-por-14-talonflame-uncommon-reverse-holo,Uncommon (Rev Holo),Mega Evolution Era; Fire; Pokémon Cards,,1.0,Reverse Holo,UNCOMMON,Unknown,,,,,,,684405
me3-15-norm,Meg - POR - 15 - Salandit - COMMON - Normal,<p>Series: Mega Evolution<br />\nSet: Perfect Order<br />\nRarity: COMMON<br />\nRelease Date: 2025/12/19<br />\nArtist: Unknown<br />\nNumber in Set: 015/088</p>,3.0,0.0,0.0,0.0,Meg - POR - 15 - Salandit - COMMON - Normal,Meg - POR - 15 - Salandit - COMMON - Normal,meg-por-15-salandit-common-normal,Common,Mega Evolution Era; Fire; Pokémon Cards,,1.0,Normal,COMMON,Unknown,,,,,,,684382
me3-15-rev,Meg - POR - 15 - Salandit - COMMON - Reverse Holo,<p>Series: Mega Evolution<br />\nSet: Perfect Order<br />\nRarity: COMMON<br />\nRelease Date: 2025/12/19<br />\nArtist: Unknown<br />\nNumber in Set: 015/088</p>,4.0,0.0,0.0,0.0,Meg - POR - 15 - Salandit - COMMON - Reverse Holo,Meg - POR - 15 - Salandit - COMMON - Reverse Holo,meg-por-15-salandit-common-reverse-holo,Common (Rev Holo),Mega Evolution Era; Fire; Pokémon Cards,,1.0,Reverse Holo,COMMON,Unknown,,,,,,,684382
me3-16-holo,Meg - POR - 16 - Salazzle ex - DOUBLE_RARE - Holofoil,<p>Series: Mega Evolution<br />\nSet: Perfect Order<br />\nRarity: DOUBLE_RARE<br />\nRelease Date: 2025/12/19<br />\nArtist: Unknown<br />\nNumber in Set: 016/088</p>,9.5,0.0,0.0,0.0,Meg - POR - 16 - Salazzle ex - DOUBLE_RARE - Holofoil,Meg - POR - 16 - Salazzle ex - DOUBLE_RARE - Holofoil,meg-por-16-salazzle-ex-double-rare-holofoil,Double Rare,Mega Evolution Era; Fire; Pokémon Cards,,1.0,Holofoil,DOUBLE_RARE,Unknown,,,,,,,684376
me3-17-norm,Meg - POR - 17 - Turtonator - UNCOMMON - Normal,<p>Series: Mega Evolution<br />\nSet: Perfect Order<br />\nRarity: UNCOMMON<br />\nRelease Date: 2025/12/19<br />\nArtist: Unknown<br />\nNumber in Set: 017/088</p>,2.5,0.0,0.0,0.0,Meg - POR - 17 - Turtonator - UNCOMMON - Normal,Meg - POR - 17 - Turtonator - UNCOMMON - Normal,meg-por-17-turtonator-uncommon-normal,Uncommon,Mega Evolution Era; Fire; Pokémon Cards,,1.0,Normal,UNCOMMON,Unknown,,,,,,,684407
me3-17-rev,Meg - POR - 17 - Turtonator - UNCOMMON - Reverse Holo,<p>Series: Mega Evolution<br />\nSet: Perfect Order<br />\nRarity: UNCOMMON<br />\nRelease Date: 2025/12/19<br />\nArtist: Unknown<br />\nNumber in Set: 017/088</p>,4.5,0.0,0.0,0.0,Meg - POR - 17 - Turtonator - UNCOMMON - Reverse Holo,Meg - POR - 17 - Turtonator - UNCOMMON - Reverse Holo,meg-por-17-turtonator-uncommon-reverse-holo,Uncommon (Rev Holo),Mega Evolution Era; Fire; Pokémon Cards,,1.0,Reverse Holo,UNCOMMON,Unknown,,,,,,,684407
me3-18-norm,Meg - POR - 18 - Seel - COMMON - Normal,<p>Series: Mega Evolution<br />\nSet: Perfect Order<br />\nRarity: COMMON<br />\nRelease Date: 2025/12/19<br />\nArtist: Unknown<br />\nNumber in Set: 018/088</p>,2.5,0.0,0.0,0.0,Meg - POR - 18 - Seel - COMMON - Normal,Meg - POR - 18 - Seel - COMMON - Normal,meg-por-18-seel-common-normal,Common,Mega Evolution Era; Water; Pokémon Cards,,1.0,Normal,COMMON,Unknown,,,,,,,684372
me3-18-rev,Meg - POR - 18 - Seel - COMMON - Reverse Holo,<p>Series: Mega Evolution<br />\nSet: Perfect Order<br />\nRarity: COMMON<br />\nRelease Date: 2025/12/19<br />\nArtist: Unknown<br />\nNumber in Set: 018/088</p>,4.0,0.0,0.0,0.0,Meg - POR - 18 - Seel - COMMON - Reverse Holo,Meg - POR - 18 - Seel - COMMON - Reverse Holo,meg-por-18-seel-common-reverse-holo,Common (Rev Holo),Mega Evolution Era; Water; Pokémon Cards,,1.0,Reverse Holo,COMMON,Unknown,,,,,,,684372
me3-19-rev,Meg - POR - 19 - Dewgong - RARE - Reverse Holo,<p>Series: Mega Evolution<br />\nSet: Perfect Order<br />\nRarity: RARE<br />\nRelease Date: 2025/12/19<br />\nArtist: Unknown<br />\nNumber in Set: 019/088</p>,5.0,0.0,0.0,0.0,Meg - POR - 19 - Dewgong - RARE - Reverse Holo,Meg - POR - 19 - Dewgong - RARE - Reverse Holo,meg-por-19-dewgong-rare-reverse-holo,Rare (Rev Holo),Mega Evolution Era; Water; Pokémon Cards,,1.0,Reverse Holo,RARE,Unknown,,,,,,,684373
me3-19-holo,Meg - POR - 19 - Dewgong - RARE - Holofoil,<p>Series: Mega Evolution<br />\nSet: Perfect Order<br />\nRarity: RARE<br />\nRelease Date: 2025/12/19<br />\nArtist: Unknown<br />\nNumber in Set: 019/088</p>,3.0,0.0,0.0,0.0,Meg - POR - 19 - Dewgong - RARE - Holofoil,Meg - POR - 19 - Dewgong - RARE - Holofoil,meg-por-19-dewgong-rare-holofoil,Rare,Mega Evolution Era; Water; Pokémon Cards,,1.0,Holofoil,RARE,Unknown,,,,,,,684373
me3-20-norm,Meg - POR - 20 - Staryu - COMMON - Normal,<p>Series: Mega Evolution<br />\nSet: Perfect Order<br />\nRarity: COMMON<br />\nRelease Date: 2025/12/19<br />\nArtist: Unknown<br />\nNumber in Set: 020/088</p>,2.5,0.0,0.0,0.0,Meg - POR - 20 - Staryu - COMMON - Normal,Meg - POR - 20 - Staryu - COMMON - Normal,meg-por-20-staryu-common-normal,Common,Mega Evolution Era; Water; Pokémon Cards,,1.0,Normal,COMMON,Unknown,,,,,,,684374
me3-20-rev,Meg - POR - 20 - Staryu - COMMON - Reverse Holo,<p>Series: Mega Evolution<br />\nSet: Perfect Order<br />\nRarity: COMMON<br />\nRelease Date: 2025/12/19<br />\nArtist: Unknown<br />\nNumber in Set: 020/088</p>,5.5,0.0,0.0,0.0,Meg - POR - 20 - Staryu - COMMON - Reverse Holo,Meg - POR - 20 - Staryu - COMMON - Reverse Holo,meg-por-20-staryu-common-reverse-holo,Common (Rev Holo),Mega Evolution Era; Water; Pokémon Cards,,1.0,Reverse Holo,COMMON,Unknown,,,,,,,684374
me3-21-holo,Meg - POR - 21 - Mega Starmie ex - DOUBLE_RARE - Holofoil,<p>Series: Mega Evolution<br />\nSet: Perfect Order<br />\nRarity: DOUBLE_RARE<br />\nRelease Date: 2025/12/19<br />\nArtist: Unknown<br />\nNumber in Set: 021/088</p>,15.5,0.0,0.0,0.0,Meg - POR - 21 - Mega Starmie ex - DOUBLE_RARE - Holofoil,Meg - POR - 21 - Mega Starmie ex - DOUBLE_RARE - Holofoil,meg-por-21-mega-starmie-ex-double-rare-holofoil,Double Rare,Mega Evolution Era; Water; Pokémon Cards,,1.0,Holofoil,DOUBLE_RARE,Unknown,,,,,,,684360
me3-22-holo,Meg - POR - 22 - Lapras ex - DOUBLE_RARE - Holofoil,<p>Series: Mega Evolution<br />\nSet: Perfect Order<br />\nRarity: DOUBLE_RARE<br />\nRelease Date: 2025/12/19<br />\nArtist: Unknown<br />\nNumber in Set: 022/088</p>,9.0,0.0,0.0,0.0,Meg - POR - 22 - Lapras ex - DOUBLE_RARE - Holofoil,Meg - POR - 22 - Lapras ex - DOUBLE_RARE - Holofoil,meg-por-22-lapras-ex-double-rare-holofoil,Double Rare,Mega Evolution Era; Water; Pokémon Cards,,1.0,Holofoil,DOUBLE_RARE,Unknown,,,,,,,684329
me3-23-norm,Meg - POR - 23 - Amaura - COMMON - Normal,<p>Series: Mega Evolution<br />\nSet: Perfect Order<br />\nRarity: COMMON<br />\nRelease Date: 2025/12/19<br />\nArtist: Unknown<br />\nNumber in Set: 023/088</p>,2.5,0.0,0.0,0.0,Meg - POR - 23 - Amaura - COMMON - Normal,Meg - POR - 23 - Amaura - COMMON - Normal,meg-por-23-amaura-common-normal,Common,Mega Evolution Era; Water; Pokémon Cards,,1.0,Normal,COMMON,Unknown,,,,,,,684355
me3-23-rev,Meg - POR - 23 - Amaura - COMMON - Reverse Holo,<p>Series: Mega Evolution<br />\nSet: Perfect Order<br />\nRarity: COMMON<br />\nRelease Date: 2025/12/19<br />\nArtist: Unknown<br />\nNumber in Set: 023/088</p>,4.5,0.0,0.0,0.0,Meg - POR - 23 - Amaura - COMMON - Reverse Holo,Meg - POR - 23 - Amaura - COMMON - Reverse Holo,meg-por-23-amaura-common-reverse-holo,Common (Rev Holo),Mega Evolution Era; Water; Pokémon Cards,,1.0,Reverse Holo,COMMON,Unknown,,,,,,,684355
me3-24-rev,Meg - POR - 24 - Aurorus - RARE - Reverse Holo,<p>Series: Mega Evolution<br />\nSet: Perfect Order<br />\nRarity: RARE<br />\nRelease Date: 2025/12/19<br />\nArtist: Unknown<br />\nNumber in Set: 024/088</p>,5.5,0.0,0.0,0.0,Meg - POR - 24 - Aurorus - RARE - Reverse Holo,Meg - POR - 24 - Aurorus - RARE - Reverse Holo,meg-por-24-aurorus-rare-reverse-holo,Rare (Rev Holo),Mega Evolution Era; Water; Pokémon Cards,,1.0,Reverse Holo,RARE,Unknown,,,,,,,684356
me3-24-holo,Meg - POR - 24 - Aurorus - RARE - Holofoil,<p>Series: Mega Evolution<br />\nSet: Perfect Order<br />\nRarity: RARE<br />\nRelease Date: 2025/12/19<br />\nArtist: Unknown<br />\nNumber in Set: 024/088</p>,4.5,0.0,0.0,0.0,Meg - POR - 24 - Aurorus - RARE - Holofoil,Meg - POR - 24 - Aurorus - RARE - Holofoil,meg-por-24-aurorus-rare-holofoil,Rare,Mega Evolution Era; Water; Pokémon Cards,,1.0,Holofoil,RARE,Unknown,,,,,,,684356
me3-25-norm,Meg - POR - 25 - Volcanion - UNCOMMON - Normal,<p>Series: Mega Evolution<br />\nSet: Perfect Order<br />\nRarity: UNCOMMON<br />\nRelease Date: 2025/12/19<br />\nArtist: Unknown<br />\nNumber in Set: 025/088</p>,2.5,0.0,0.0,0.0,Meg - POR - 25 - Volcanion - UNCOMMON - Normal,Meg - POR - 25 - Volcanion - UNCOMMON - Normal,meg-por-25-volcanion-uncommon-normal,Uncommon,Mega Evolution Era; Water; Pokémon Cards,,1.0,Normal,UNCOMMON,Unknown,,,,,,,684408
me3-25-rev,Meg - POR - 25 - Volcanion - UNCOMMON - Reverse Holo,<p>Series: Mega Evolution<br />\nSet: Perfect Order<br />\nRarity: UNCOMMON<br />\nRelease Date: 2025/12/19<br />\nArtist: Unknown<br />\nNumber in Set: 025/088</p>,4.5,0.0,0.0,0.0,Meg - POR - 25 - Volcanion - UNCOMMON - Reverse Holo,Meg - POR - 25 - Volcanion - UNCOMMON - Reverse Holo,meg-por-25-volcanion-uncommon-reverse-holo,Uncommon (Rev Holo),Mega Evolution Era; Water; Pokémon Cards,,1.0,Reverse Holo,UNCOMMON,Unknown,,,,,,,684408
me3-26-norm,Meg - POR - 26 - Shinx - COMMON - Normal,<p>Series: Mega Evolution<br />\nSet: Perfect Order<br />\nRarity: COMMON<br />\nRelease Date: 2025/12/19<br />\nArtist: Unknown<br />\nNumber in Set: 026/088</p>,2.5,0.0,0.0,0.0,Meg - POR - 26 - Shinx - COMMON - Normal,Meg - POR - 26 - Shinx - COMMON - Normal,meg-por-26-shinx-common-normal,Common,Mega Evolution Era; Lightning; Pokémon Cards,,1.0,Normal,COMMON,Unknown,,,,,,,684409
me3-26-rev,Meg - POR - 26 - Shinx - COMMON - Reverse Holo,<p>Series: Mega Evolution<br />\nSet: Perfect Order<br />\nRarity: COMMON<br />\nRelease Date: 2025/12/19<br />\nArtist: Unknown<br />\nNumber in Set: 026/088</p>,3.5,0.0,0.0,0.0,Meg - POR - 26 - Shinx - COMMON - Reverse Holo,Meg - POR - 26 - Shinx - COMMON - Reverse Holo,meg-por-26-shinx-common-reverse-holo,Common (Rev Holo),Mega Evolution Era; Lightning; Pokémon Cards,,1.0,Reverse Holo,COMMON,Unknown,,,,,,,684409
me3-27-norm,Meg - POR - 27 - Luxio - UNCOMMON - Normal,<p>Series: Mega Evolution<br />\nSet: Perfect Order<br />\nRarity: UNCOMMON<br />\nRelease Date: 2025/12/19<br />\nArtist: Unknown<br />\nNumber in Set: 027/088</p>,2.5,0.0,0.0,0.0,Meg - POR - 27 - Luxio - UNCOMMON - Normal,Meg - POR - 27 - Luxio - UNCOMMON - Normal,meg-por-27-luxio-uncommon-normal,Uncommon,Mega Evolution Era; Lightning; Pokémon Cards,,1.0,Normal,UNCOMMON,Unknown,,,,,,,684410
me3-27-rev,Meg - POR - 27 - Luxio - UNCOMMON - Reverse Holo,<p>Series: Mega Evolution<br />\nSet: Perfect Order<br />\nRarity: UNCOMMON<br />\nRelease Date: 2025/12/19<br />\nArtist: Unknown<br />\nNumber in Set: 027/088</p>,5.0,0.0,0.0,0.0,Meg - POR - 27 - Luxio - UNCOMMON - Reverse Holo,Meg - POR - 27 - Luxio - UNCOMMON - Reverse Holo,meg-por-27-luxio-uncommon-reverse-holo,Uncommon (Rev Holo),Mega Evolution Era; Lightning; Pokémon Cards,,1.0,Reverse Holo,UNCOMMON,Unknown,,,,,,,684410
me3-28-rev,Meg - POR - 28 - Luxray - RARE - Reverse Holo,<p>Series: Mega Evolution<br />\nSet: Perfect Order<br />\nRarity: RARE<br />\nRelease Date: 2025/12/19<br />\nArtist: Unknown<br />\nNumber in Set: 028/088</p>,5.5,0.0,0.0,0.0,Meg - POR - 28 - Luxray - RARE - Reverse Holo,Meg - POR - 28 - Luxray - RARE - Reverse Holo,meg-por-28-luxray-rare-reverse-holo,Rare (Rev Holo),Mega Evolution Era; Lightning; Pokémon Cards,,1.0,Reverse Holo,RARE,Unknown,,,,,,,684411
me3-28-holo,Meg - POR - 28 - Luxray - RARE - Holofoil,<p>Series: Mega Evolution<br />\nSet: Perfect Order<br />\nRarity: RARE<br />\nRelease Date: 2025/12/19<br />\nArtist: Unknown<br />\nNumber in Set: 028/088</p>,3.5,0.0,0.0,0.0,Meg - POR - 28 - Luxray - RARE - Holofoil,Meg - POR - 28 - Luxray - RARE - Holofoil,meg-por-28-luxray-rare-holofoil,Rare,Mega Evolution Era; Lightning; Pokémon Cards,,1.0,Holofoil,RARE,Unknown,,,,,,,684411
me3-29-norm,Meg - POR - 29 - Dedenne - COMMON - Normal,<p>Series: Mega Evolution<br />\nSet: Perfect Order<br />\nRarity: COMMON<br />\nRelease Date: 2025/12/19<br />\nArtist: Unknown<br />\nNumber in Set: 029/088</p>,2.5,0.0,0.0,0.0,Meg - POR - 29 - Dedenne - COMMON - Normal,Meg - POR - 29 - Dedenne - COMMON - Normal,meg-por-29-dedenne-common-normal,Common,Mega Evolution Era; Lightning; Pokémon Cards,,1.0,Normal,COMMON,Unknown,,,,,,,684412
me3-29-rev,Meg - POR - 29 - Dedenne - COMMON - Reverse Holo,<p>Series: Mega Evolution<br />\nSet: Perfect Order<br />\nRarity: COMMON<br />\nRelease Date: 2025/12/19<br />\nArtist: Unknown<br />\nNumber in Set: 029/088</p>,5.0,0.0,0.0,0.0,Meg - POR - 29 - Dedenne - COMMON - Reverse Holo,Meg - POR - 29 - Dedenne - COMMON - Reverse Holo,meg-por-29-dedenne-common-reverse-holo,Common (Rev Holo),Mega Evolution Era; Lightning; Pokémon Cards,,1.0,Reverse Holo,COMMON,Unknown,,,,,,,684412
me3-30-norm,Meg - POR - 30 - Clefairy - COMMON - Normal,<p>Series: Mega Evolution<br />\nSet: Perfect Order<br />\nRarity: COMMON<br />\nRelease Date: 2025/12/19<br />\nArtist: Unknown<br />\nNumber in Set: 030/088</p>,2.5,0.0,0.0,0.0,Meg - POR - 30 - Clefairy - COMMON - Normal,Meg - POR - 30 - Clefairy - COMMON - Normal,meg-por-30-clefairy-common-normal,Common,Mega Evolution Era; Psychic; Pokémon Cards,,1.0,Normal,COMMON,Unknown,,,,,,,684414
me3-30-rev,Meg - POR - 30 - Clefairy - COMMON - Reverse Holo,<p>Series: Mega Evolution<br />\nSet: Perfect Order<br />\nRarity: COMMON<br />\nRelease Date: 2025/12/19<br />\nArtist: Unknown<br />\nNumber in Set: 030/088</p>,4.5,0.0,0.0,0.0,Meg - POR - 30 - Clefairy - COMMON - Reverse Holo,Meg - POR - 30 - Clefairy - COMMON - Reverse Holo,meg-por-30-clefairy-common-reverse-holo,Common (Rev Holo),Mega Evolution Era; Psychic; Pokémon Cards,,1.0,Reverse Holo,COMMON,Unknown,,,,,,,684414
me3-31-holo,Meg - POR - 31 - Mega Clefable ex - DOUBLE_RARE - Holofoil,<p>Series: Mega Evolution<br />\nSet: Perfect Order<br />\nRarity: DOUBLE_RARE<br />\nRelease Date: 2025/12/19<br />\nArtist: Unknown<br />\nNumber in Set: 031/088</p>,13.0,0.0,0.0,0.0,Meg - POR - 31 - Mega Clefable ex - DOUBLE_RARE - Holofoil,Meg - POR - 31 - Mega Clefable ex - DOUBLE_RARE - Holofoil,meg-por-31-mega-clefable-ex-double-rare-holofoil,Double Rare,Mega Evolution Era; Psychic; Pokémon Cards,,1.0,Holofoil,DOUBLE_RARE,Unknown,,,,,,,684383
me3-32-norm,Meg - POR - 32 - Mawile - COMMON - Normal,<p>Series: Mega Evolution<br />\nSet: Perfect Order<br />\nRarity: COMMON<br />\nRelease Date: 2025/12/19<br />\nArtist: Unknown<br />\nNumber in Set: 032/088</p>,3.0,0.0,0.0,0.0,Meg - POR - 32 - Mawile - COMMON - Normal,Meg - POR - 32 - Mawile - COMMON - Normal,meg-por-32-mawile-common-normal,Common,Mega Evolution Era; Psychic; Pokémon Cards,,1.0,Normal,COMMON,Unknown,,,,,,,684416
me3-32-rev,Meg - POR - 32 - Mawile - COMMON - Reverse Holo,<p>Series: Mega Evolution<br />\nSet: Perfect Order<br />\nRarity: COMMON<br />\nRelease Date: 2025/12/19<br />\nArtist: Unknown<br />\nNumber in Set: 032/088</p>,3.5,0.0,0.0,0.0,Meg - POR - 32 - Mawile - COMMON - Reverse Holo,Meg - POR - 32 - Mawile - COMMON - Reverse Holo,meg-por-32-mawile-common-reverse-holo,Common (Rev Holo),Mega Evolution Era; Psychic; Pokémon Cards,,1.0,Reverse Holo,COMMON,Unknown,,,,,,,684416
me3-33-norm,Meg - POR - 33 - Espurr - COMMON - Normal,<p>Series: Mega Evolution<br />\nSet: Perfect Order<br />\nRarity: COMMON<br />\nRelease Date: 2025/12/19<br />\nArtist: Unknown<br />\nNumber in Set: 033/088</p>,2.5,0.0,0.0,0.0,Meg - POR - 33 - Espurr - COMMON - Normal,Meg - POR - 33 - Espurr - COMMON - Normal,meg-por-33-espurr-common-normal,Common,Mega Evolution Era; Psychic; Pokémon Cards,,1.0,Normal,COMMON,Unknown,,,,,,,684417
me3-33-rev,Meg - POR - 33 - Espurr - COMMON - Reverse Holo,<p>Series: Mega Evolution<br />\nSet: Perfect Order<br />\nRarity: COMMON<br />\nRelease Date: 2025/12/19<br />\nArtist: Unknown<br />\nNumber in Set: 033/088</p>,5.0,0.0,0.0,0.0,Meg - POR - 33 - Espurr - COMMON - Reverse Holo,Meg - POR - 33 - Espurr - COMMON - Reverse Holo,meg-por-33-espurr-common-reverse-holo,Common (Rev Holo),Mega Evolution Era; Psychic; Pokémon Cards,,1.0,Reverse Holo,COMMON,Unknown,,,,,,,684417
me3-34-norm,Meg - POR - 34 - Meowstic - UNCOMMON - Normal,<p>Series: Mega Evolution<br />\nSet: Perfect Order<br />\nRarity: UNCOMMON<br />\nRelease Date: 2025/12/19<br />\nArtist: Unknown<br />\nNumber in Set: 034/088</p>,3.0,0.0,0.0,0.0,Meg - POR - 34 - Meowstic - UNCOMMON - Normal,Meg - POR - 34 - Meowstic - UNCOMMON - Normal,meg-por-34-meowstic-uncommon-normal,Uncommon,Mega Evolution Era; Psychic; Pokémon Cards,,1.0,Normal,UNCOMMON,Unknown,,,,,,,684419
me3-34-rev,Meg - POR - 34 - Meowstic - UNCOMMON - Reverse Holo,<p>Series: Mega Evolution<br />\nSet: Perfect Order<br />\nRarity: UNCOMMON<br />\nRelease Date: 2025/12/19<br />\nArtist: Unknown<br />\nNumber in Set: 034/088</p>,5.0,0.0,0.0,0.0,Meg - POR - 34 - Meowstic - UNCOMMON - Reverse Holo,Meg - POR - 34 - Meowstic - UNCOMMON - Reverse Holo,meg-por-34-meowstic-uncommon-reverse-holo,Uncommon (Rev Holo),Mega Evolution Era; Psychic; Pokémon Cards,,1.0,Reverse Holo,UNCOMMON,Unknown,,,,,,,684419
me3-35-norm,Meg - POR - 35 - Spritzee - COMMON - Normal,<p>Series: Mega Evolution<br />\nSet: Perfect Order<br />\nRarity: COMMON<br />\nRelease Date: 2025/12/19<br />\nArtist: Unknown<br />\nNumber in Set: 035/088</p>,3.5,0.0,0.0,0.0,Meg - POR - 35 - Spritzee - COMMON - Normal,Meg - POR - 35 - Spritzee - COMMON - Normal,meg-por-35-spritzee-common-normal,Common,Mega Evolution Era; Psychic; Pokémon Cards,,1.0,Normal,COMMON,Unknown,,,,,,,684420
me3-35-rev,Meg - POR - 35 - Spritzee - COMMON - Reverse Holo,<p>Series: Mega Evolution<br />\nSet: Perfect Order<br />\nRarity: COMMON<br />\nRelease Date: 2025/12/19<br />\nArtist: Unknown<br />\nNumber in Set: 035/088</p>,4.5,0.0,0.0,0.0,Meg - POR - 35 - Spritzee - COMMON - Reverse Holo,Meg - POR - 35 - Spritzee - COMMON - Reverse Holo,meg-por-35-spritzee-common-reverse-holo,Common (Rev Holo),Mega Evolution Era; Psychic; Pokémon Cards,,1.0,Reverse Holo,COMMON,Unknown,,,,,,,684420
me3-36-norm,Meg - POR - 36 - Aromatisse - UNCOMMON - Normal,<p>Series: Mega Evolution<br />\nSet: Perfect Order<br />\nRarity: UNCOMMON<br />\nRelease Date: 2025/12/19<br />\nArtist: Unknown<br />\nNumber in Set: 036/088</p>,2.5,0.0,0.0,0.0,Meg - POR - 36 - Aromatisse - UNCOMMON - Normal,Meg - POR - 36 - Aromatisse - UNCOMMON - Normal,meg-por-36-aromatisse-uncommon-normal,Uncommon,Mega Evolution Era; Psychic; Pokémon Cards,,1.0,Normal,UNCOMMON,Unknown,,,,,,,684421
me3-36-rev,Meg - POR - 36 - Aromatisse - UNCOMMON - Reverse Holo,<p>Series: Mega Evolution<br />\nSet: Perfect Order<br />\nRarity: UNCOMMON<br />\nRelease Date: 2025/12/19<br />\nArtist: Unknown<br />\nNumber in Set: 036/088</p>,5.0,0.0,0.0,0.0,Meg - POR - 36 - Aromatisse - UNCOMMON - Reverse Holo,Meg - POR - 36 - Aromatisse - UNCOMMON - Reverse Holo,meg-por-36-aromatisse-uncommon-reverse-holo,Uncommon (Rev Holo),Mega Evolution Era; Psychic; Pokémon Cards,,1.0,Reverse Holo,UNCOMMON,Unknown,,,,,,,684421
me3-37-norm,Meg - POR - 37 - Nosepass - COMMON - Normal,<p>Series: Mega Evolution<br />\nSet: Perfect Order<br />\nRarity: COMMON<br />\nRelease Date: 2025/12/19<br />\nArtist: Unknown<br />\nNumber in Set: 037/088</p>,2.0,0.0,0.0,0.0,Meg - POR - 37 - Nosepass - COMMON - Normal,Meg - POR - 37 - Nosepass - COMMON - Normal,meg-por-37-nosepass-common-normal,Common,Mega Evolution Era; Fighting; Pokémon Cards,,1.0,Normal,COMMON,Unknown,,,,,,,684422
me3-37-rev,Meg - POR - 37 - Nosepass - COMMON - Reverse Holo,<p>Series: Mega Evolution<br />\nSet: Perfect Order<br />\nRarity: COMMON<br />\nRelease Date: 2025/12/19<br />\nArtist: Unknown<br />\nNumber in Set: 037/088</p>,5.0,0.0,0.0,0.0,Meg - POR - 37 - Nosepass - COMMON - Reverse Holo,Meg - POR - 37 - Nosepass - COMMON - Reverse Holo,meg-por-37-nosepass-common-reverse-holo,Common (Rev Holo),Mega Evolution Era; Fighting; Pokémon Cards,,1.0,Reverse Holo,COMMON,Unknown,,,,,,,684422
me3-38-norm,Meg - POR - 38 - Probopass - COMMON - Normal,<p>Series: Mega Evolution<br />\nSet: Perfect Order<br />\nRarity: COMMON<br />\nRelease Date: 2025/12/19<br />\nArtist: Unknown<br />\nNumber in Set: 038/088</p>,1.5,0.0,0.0,0.0,Meg - POR - 38 - Probopass - COMMON - Normal,Meg - POR - 38 - Probopass - COMMON - Normal,meg-por-38-probopass-common-normal,Common,Mega Evolution Era; Fighting; Pokémon Cards,,1.0,Normal,COMMON,Unknown,,,,,,,684423
me3-38-rev,Meg - POR - 38 - Probopass - COMMON - Reverse Holo,<p>Series: Mega Evolution<br />\nSet: Perfect Order<br />\nRarity: COMMON<br />\nRelease Date: 2025/12/19<br />\nArtist: Unknown<br />\nNumber in Set: 038/088</p>,5.0,0.0,0.0,0.0,Meg - POR - 38 - Probopass - COMMON - Reverse Holo,Meg - POR - 38 - Probopass - COMMON - Reverse Holo,meg-por-38-probopass-common-reverse-holo,Common (Rev Holo),Mega Evolution Era; Fighting; Pokémon Cards,,1.0,Reverse Holo,COMMON,Unknown,,,,,,,684423
me3-39-norm,Meg - POR - 39 - Hippopotas - COMMON - Normal,<p>Series: Mega Evolution<br />\nSet: Perfect Order<br />\nRarity: COMMON<br />\nRelease Date: 2025/12/19<br />\nArtist: Unknown<br />\nNumber in Set: 039/088</p>,2.0,0.0,0.0,0.0,Meg - POR - 39 - Hippopotas - COMMON - Normal,Meg - POR - 39 - Hippopotas - COMMON - Normal,meg-por-39-hippopotas-common-normal,Common,Mega Evolution Era; Fighting; Pokémon Cards,,1.0,Normal,COMMON,Unknown,,,,,,,684425
me3-39-rev,Meg - POR - 39 - Hippopotas - COMMON - Reverse Holo,<p>Series: Mega Evolution<br />\nSet: Perfect Order<br />\nRarity: COMMON<br />\nRelease Date: 2025/12/19<br />\nArtist: Unknown<br />\nNumber in Set: 039/088</p>,5.0,0.0,0.0,0.0,Meg - POR - 39 - Hippopotas - COMMON - Reverse Holo,Meg - POR - 39 - Hippopotas - COMMON - Reverse Holo,meg-por-39-hippopotas-common-reverse-holo,Common (Rev Holo),Mega Evolution Era; Fighting; Pokémon Cards,,1.0,Reverse Holo,COMMON,Unknown,,,,,,,684425
me3-40-norm,Meg - POR - 40 - Hippowdon - UNCOMMON - Normal,<p>Series: Mega Evolution<br />\nSet: Perfect Order<br />\nRarity: UNCOMMON<br />\nRelease Date: 2025/12/19<br />\nArtist: Unknown<br />\nNumber in Set: 040/088</p>,2.0,0.0,0.0,0.0,Meg - POR - 40 - Hippowdon - UNCOMMON - Normal,Meg - POR - 40 - Hippowdon - UNCOMMON - Normal,meg-por-40-hippowdon-uncommon-normal,Uncommon,Mega Evolution Era; Fighting; Pokémon Cards,,1.0,Normal,UNCOMMON,Unknown,,,,,,,684426
me3-40-rev,Meg - POR - 40 - Hippowdon - UNCOMMON - Reverse Holo,<p>Series: Mega Evolution<br />\nSet: Perfect Order<br />\nRarity: UNCOMMON<br />\nRelease Date: 2025/12/19<br />\nArtist: Unknown<br />\nNumber in Set: 040/088</p>,4.5,0.0,0.0,0.0,Meg - POR - 40 - Hippowdon - UNCOMMON - Reverse Holo,Meg - POR - 40 - Hippowdon - UNCOMMON - Reverse Holo,meg-por-40-hippowdon-uncommon-reverse-holo,Uncommon (Rev Holo),Mega Evolution Era; Fighting; Pokémon Cards,,1.0,Reverse Holo,UNCOMMON,Unknown,,,,,,,684426
me3-41-rev,Meg - POR - 41 - Landorus - RARE - Reverse Holo,<p>Series: Mega Evolution<br />\nSet: Perfect Order<br />\nRarity: RARE<br />\nRelease Date: 2025/12/19<br />\nArtist: Unknown<br />\nNumber in Set: 041/088</p>,4.5,0.0,0.0,0.0,Meg - POR - 41 - Landorus - RARE - Reverse Holo,Meg - POR - 41 - Landorus - RARE - Reverse Holo,meg-por-41-landorus-rare-reverse-holo,Rare (Rev Holo),Mega Evolution Era; Fighting; Pokémon Cards,,1.0,Reverse Holo,RARE,Unknown,,,,,,,684427
me3-41-holo,Meg - POR - 41 - Landorus - RARE - Holofoil,<p>Series: Mega Evolution<br />\nSet: Perfect Order<br />\nRarity: RARE<br />\nRelease Date: 2025/12/19<br />\nArtist: Unknown<br />\nNumber in Set: 041/088</p>,3.0,0.0,0.0,0.0,Meg - POR - 41 - Landorus - RARE - Holofoil,Meg - POR - 41 - Landorus - RARE - Holofoil,meg-por-41-landorus-rare-holofoil,Rare,Mega Evolution Era; Fighting; Pokémon Cards,,1.0,Holofoil,RARE,Unknown,,,,,,,684427
me3-42-norm,Meg - POR - 42 - Binacle - COMMON - Normal,<p>Series: Mega Evolution<br />\nSet: Perfect Order<br />\nRarity: COMMON<br />\nRelease Date: 2025/12/19<br />\nArtist: Unknown<br />\nNumber in Set: 042/088</p>,3.0,0.0,0.0,0.0,Meg - POR - 42 - Binacle - COMMON - Normal,Meg - POR - 42 - Binacle - COMMON - Normal,meg-por-42-binacle-common-normal,Common,Mega Evolution Era; Fighting; Pokémon Cards,,1.0,Normal,COMMON,Unknown,,,,,,,684334
me3-42-rev,Meg - POR - 42 - Binacle - COMMON - Reverse Holo,<p>Series: Mega Evolution<br />\nSet: Perfect Order<br />\nRarity: COMMON<br />\nRelease Date: 2025/12/19<br />\nArtist: Unknown<br />\nNumber in Set: 042/088</p>,5.5,0.0,0.0,0.0,Meg - POR - 42 - Binacle - COMMON - Reverse Holo,Meg - POR - 42 - Binacle - COMMON - Reverse Holo,meg-por-42-binacle-common-reverse-holo,Common (Rev Holo),Mega Evolution Era; Fighting; Pokémon Cards,,1.0,Reverse Holo,COMMON,Unknown,,,,,,,684334
me3-43-norm,Meg - POR - 43 - Barbaracle - UNCOMMON - Normal,<p>Series: Mega Evolution<br />\nSet: Perfect Order<br />\nRarity: UNCOMMON<br />\nRelease Date: 2025/12/19<br />\nArtist: Unknown<br />\nNumber in Set: 043/088</p>,2.5,0.0,0.0,0.0,Meg - POR - 43 - Barbaracle - UNCOMMON - Normal,Meg - POR - 43 - Barbaracle - UNCOMMON - Normal,meg-por-43-barbaracle-uncommon-normal,Uncommon,Mega Evolution Era; Fighting; Pokémon Cards,,1.0,Normal,UNCOMMON,Unknown,,,,,,,684335
me3-43-rev,Meg - POR - 43 - Barbaracle - UNCOMMON - Reverse Holo,<p>Series: Mega Evolution<br />\nSet: Perfect Order<br />\nRarity: UNCOMMON<br />\nRelease Date: 2025/12/19<br />\nArtist: Unknown<br />\nNumber in Set: 043/088</p>,5.5,0.0,0.0,0.0,Meg - POR - 43 - Barbaracle - UNCOMMON - Reverse Holo,Meg - POR - 43 - Barbaracle - UNCOMMON - Reverse Holo,meg-por-43-barbaracle-uncommon-reverse-holo,Uncommon (Rev Holo),Mega Evolution Era; Fighting; Pokémon Cards,,1.0,Reverse Holo,UNCOMMON,Unknown,,,,,,,684335
me3-44-norm,Meg - POR - 44 - Tyrunt - COMMON - Normal,<p>Series: Mega Evolution<br />\nSet: Perfect Order<br />\nRarity: COMMON<br />\nRelease Date: 2025/12/19<br />\nArtist: Unknown<br />\nNumber in Set: 044/088</p>,3.5,0.0,0.0,0.0,Meg - POR - 44 - Tyrunt - COMMON - Normal,Meg - POR - 44 - Tyrunt - COMMON - Normal,meg-por-44-tyrunt-common-normal,Common,Mega Evolution Era; Fighting; Pokémon Cards,,1.0,Normal,COMMON,Unknown,,,,,,,684358
me3-44-rev,Meg - POR - 44 - Tyrunt - COMMON - Reverse Holo,<p>Series: Mega Evolution<br />\nSet: Perfect Order<br />\nRarity: COMMON<br />\nRelease Date: 2025/12/19<br />\nArtist: Unknown<br />\nNumber in Set: 044/088</p>,5.0,0.0,0.0,0.0,Meg - POR - 44 - Tyrunt - COMMON - Reverse Holo,Meg - POR - 44 - Tyrunt - COMMON - Reverse Holo,meg-por-44-tyrunt-common-reverse-holo,Common (Rev Holo),Mega Evolution Era; Fighting; Pokémon Cards,,1.0,Reverse Holo,COMMON,Unknown,,,,,,,684358
me3-45-rev,Meg - POR - 45 - Tyrantrum - RARE - Reverse Holo,<p>Series: Mega Evolution<br />\nSet: Perfect Order<br />\nRarity: RARE<br />\nRelease Date: 2025/12/19<br />\nArtist: Unknown<br />\nNumber in Set: 045/088</p>,7.5,0.0,0.0,0.0,Meg - POR - 45 - Tyrantrum - RARE - Reverse Holo,Meg - POR - 45 - Tyrantrum - RARE - Reverse Holo,meg-por-45-tyrantrum-rare-reverse-holo,Rare (Rev Holo),Mega Evolution Era; Fighting; Pokémon Cards,,1.0,Reverse Holo,RARE,Unknown,,,,,,,684359
me3-45-holo,Meg - POR - 45 - Tyrantrum - RARE - Holofoil,<p>Series: Mega Evolution<br />\nSet: Perfect Order<br />\nRarity: RARE<br />\nRelease Date: 2025/12/19<br />\nArtist: Unknown<br />\nNumber in Set: 045/088</p>,5.0,0.0,0.0,0.0,Meg - POR - 45 - Tyrantrum - RARE - Holofoil,Meg - POR - 45 - Tyrantrum - RARE - Holofoil,meg-por-45-tyrantrum-rare-holofoil,Rare,Mega Evolution Era; Fighting; Pokémon Cards,,1.0,Holofoil,RARE,Unknown,,,,,,,684359
me3-46-norm,Meg - POR - 46 - Hawlucha - COMMON - Normal,<p>Series: Mega Evolution<br />\nSet: Perfect Order<br />\nRarity: COMMON<br />\nRelease Date: 2025/12/19<br />\nArtist: Unknown<br />\nNumber in Set: 046/088</p>,2.5,0.0,0.0,0.0,Meg - POR - 46 - Hawlucha - COMMON - Normal,Meg - POR - 46 - Hawlucha - COMMON - Normal,meg-por-46-hawlucha-common-normal,Common,Mega Evolution Era; Fighting; Pokémon Cards,,1.0,Normal,COMMON,Unknown,,,,,,,684428
me3-46-rev,Meg - POR - 46 - Hawlucha - COMMON - Reverse Holo,<p>Series: Mega Evolution<br />\nSet: Perfect Order<br />\nRarity: COMMON<br />\nRelease Date: 2025/12/19<br />\nArtist: Unknown<br />\nNumber in Set: 046/088</p>,4.0,0.0,0.0,0.0,Meg - POR - 46 - Hawlucha - COMMON - Reverse Holo,Meg - POR - 46 - Hawlucha - COMMON - Reverse Holo,meg-por-46-hawlucha-common-reverse-holo,Common (Rev Holo),Mega Evolution Era; Fighting; Pokémon Cards,,1.0,Reverse Holo,COMMON,Unknown,,,,,,,684428
me3-47-holo,Meg - POR - 47 - Mega Zygarde ex - DOUBLE_RARE - Holofoil,<p>Series: Mega Evolution<br />\nSet: Perfect Order<br />\nRarity: DOUBLE_RARE<br />\nRelease Date: 2025/12/19<br />\nArtist: Unknown<br />\nNumber in Set: 047/088</p>,10.5,0.0,0.0,0.0,Meg - POR - 47 - Mega Zygarde ex - DOUBLE_RARE - Holofoil,Meg - POR - 47 - Mega Zygarde ex - DOUBLE_RARE - Holofoil,meg-por-47-mega-zygarde-ex-double-rare-holofoil,Double Rare,Mega Evolution Era; Fighting; Pokémon Cards,,1.0,Holofoil,DOUBLE_RARE,Unknown,,,,,,,684336
me3-48-norm,Meg - POR - 48 - Gastly - COMMON - Normal,<p>Series: Mega Evolution<br />\nSet: Perfect Order<br />\nRarity: COMMON<br />\nRelease Date: 2025/12/19<br />\nArtist: Unknown<br />\nNumber in Set: 048/088</p>,3.0,0.0,0.0,0.0,Meg - POR - 48 - Gastly - COMMON - Normal,Meg - POR - 48 - Gastly - COMMON - Normal,meg-por-48-gastly-common-normal,Common,Mega Evolution Era; Darkness; Pokémon Cards,,1.0,Normal,COMMON,Unknown,,,,,,,684429
me3-48-rev,Meg - POR - 48 - Gastly - COMMON - Reverse Holo,<p>Series: Mega Evolution<br />\nSet: Perfect Order<br />\nRarity: COMMON<br />\nRelease Date: 2025/12/19<br />\nArtist: Unknown<br />\nNumber in Set: 048/088</p>,4.5,0.0,0.0,0.0,Meg - POR - 48 - Gastly - COMMON - Reverse Holo,Meg - POR - 48 - Gastly - COMMON - Reverse Holo,meg-por-48-gastly-common-reverse-holo,Common (Rev Holo),Mega Evolution Era; Darkness; Pokémon Cards,,1.0,Reverse Holo,COMMON,Unknown,,,,,,,684429
me3-49-norm,Meg - POR - 49 - Haunter - COMMON - Normal,<p>Series: Mega Evolution<br />\nSet: Perfect Order<br />\nRarity: COMMON<br />\nRelease Date: 2025/12/19<br />\nArtist: Unknown<br />\nNumber in Set: 049/088</p>,3.5,0.0,0.0,0.0,Meg - POR - 49 - Haunter - COMMON - Normal,Meg - POR - 49 - Haunter - COMMON - Normal,meg-por-49-haunter-common-normal,Common,Mega Evolution Era; Darkness; Pokémon Cards,,1.0,Normal,COMMON,Unknown,,,,,,,684430
me3-49-rev,Meg - POR - 49 - Haunter - COMMON - Reverse Holo,<p>Series: Mega Evolution<br />\nSet: Perfect Order<br />\nRarity: COMMON<br />\nRelease Date: 2025/12/19<br />\nArtist: Unknown<br />\nNumber in Set: 049/088</p>,5.0,0.0,0.0,0.0,Meg - POR - 49 - Haunter - COMMON - Reverse Holo,Meg - POR - 49 - Haunter - COMMON - Reverse Holo,meg-por-49-haunter-common-reverse-holo,Common (Rev Holo),Mega Evolution Era; Darkness; Pokémon Cards,,1.0,Reverse Holo,COMMON,Unknown,,,,,,,684430
me3-50-rev,Meg - POR - 50 - Gengar - RARE - Reverse Holo,<p>Series: Mega Evolution<br />\nSet: Perfect Order<br />\nRarity: RARE<br />\nRelease Date: 2025/12/19<br />\nArtist: Unknown<br />\nNumber in Set: 050/088</p>,21.5,0.0,0.0,0.0,Meg - POR - 50 - Gengar - RARE - Reverse Holo,Meg - POR - 50 - Gengar - RARE - Reverse Holo,meg-por-50-gengar-rare-reverse-holo,Rare (Rev Holo),Mega Evolution Era; Darkness; Pokémon Cards,,1.0,Reverse Holo,RARE,Unknown,,,,,,,684431
me3-50-holo,Meg - POR - 50 - Gengar - RARE - Holofoil,<p>Series: Mega Evolution<br />\nSet: Perfect Order<br />\nRarity: RARE<br />\nRelease Date: 2025/12/19<br />\nArtist: Unknown<br />\nNumber in Set: 050/088</p>,14.0,0.0,0.0,0.0,Meg - POR - 50 - Gengar - RARE - Holofoil,Meg - POR - 50 - Gengar - RARE - Holofoil,meg-por-50-gengar-rare-holofoil,Rare,Mega Evolution Era; Darkness; Pokémon Cards,,1.0,Holofoil,RARE,Unknown,,,,,,,684431
me3-51-norm,Meg - POR - 51 - Skorupi - COMMON - Normal,<p>Series: Mega Evolution<br />\nSet: Perfect Order<br />\nRarity: COMMON<br />\nRelease Date: 2025/12/19<br />\nArtist: Unknown<br />\nNumber in Set: 051/088</p>,2.0,0.0,0.0,0.0,Meg - POR - 51 - Skorupi - COMMON - Normal,Meg - POR - 51 - Skorupi - COMMON - Normal,meg-por-51-skorupi-common-normal,Common,Mega Evolution Era; Darkness; Pokémon Cards,,1.0,Normal,COMMON,Unknown,,,,,,,684432
me3-51-rev,Meg - POR - 51 - Skorupi - COMMON - Reverse Holo,<p>Series: Mega Evolution<br />\nSet: Perfect Order<br />\nRarity: COMMON<br />\nRelease Date: 2025/12/19<br />\nArtist: Unknown<br />\nNumber in Set: 051/088</p>,4.5,0.0,0.0,0.0,Meg - POR - 51 - Skorupi - COMMON - Reverse Holo,Meg - POR - 51 - Skorupi - COMMON - Reverse Holo,meg-por-51-skorupi-common-reverse-holo,Common (Rev Holo),Mega Evolution Era; Darkness; Pokémon Cards,,1.0,Reverse Holo,COMMON,Unknown,,,,,,,684432
me3-52-norm,Meg - POR - 52 - Drapion - UNCOMMON - Normal,<p>Series: Mega Evolution<br />\nSet: Perfect Order<br />\nRarity: UNCOMMON<br />\nRelease Date: 2025/12/19<br />\nArtist: Unknown<br />\nNumber in Set: 052/088</p>,2.0,0.0,0.0,0.0,Meg - POR - 52 - Drapion - UNCOMMON - Normal,Meg - POR - 52 - Drapion - UNCOMMON - Normal,meg-por-52-drapion-uncommon-normal,Uncommon,Mega Evolution Era; Darkness; Pokémon Cards,,1.0,Normal,UNCOMMON,Unknown,,,,,,,684433
me3-52-rev,Meg - POR - 52 - Drapion - UNCOMMON - Reverse Holo,<p>Series: Mega Evolution<br />\nSet: Perfect Order<br />\nRarity: UNCOMMON<br />\nRelease Date: 2025/12/19<br />\nArtist: Unknown<br />\nNumber in Set: 052/088</p>,3.5,0.0,0.0,0.0,Meg - POR - 52 - Drapion - UNCOMMON - Reverse Holo,Meg - POR - 52 - Drapion - UNCOMMON - Reverse Holo,meg-por-52-drapion-uncommon-reverse-holo,Uncommon (Rev Holo),Mega Evolution Era; Darkness; Pokémon Cards,,1.0,Reverse Holo,UNCOMMON,Unknown,,,,,,,684433
me3-53-holo,Meg - POR - 53 - Yveltal ex - DOUBLE_RARE - Holofoil,<p>Series: Mega Evolution<br />\nSet: Perfect Order<br />\nRarity: DOUBLE_RARE<br />\nRelease Date: 2025/12/19<br />\nArtist: Unknown<br />\nNumber in Set: 053/088</p>,9.0,0.0,0.0,0.0,Meg - POR - 53 - Yveltal ex - DOUBLE_RARE - Holofoil,Meg - POR - 53 - Yveltal ex - DOUBLE_RARE - Holofoil,meg-por-53-yveltal-ex-double-rare-holofoil,Double Rare,Mega Evolution Era; Darkness; Pokémon Cards,,1.0,Holofoil,DOUBLE_RARE,Unknown,,,,,,,684386
me3-54-rev,Meg - POR - 54 - Chien-Pao - RARE - Reverse Holo,<p>Series: Mega Evolution<br />\nSet: Perfect Order<br />\nRarity: RARE<br />\nRelease Date: 2025/12/19<br />\nArtist: Unknown<br />\nNumber in Set: 054/088</p>,4.0,0.0,0.0,0.0,Meg - POR - 54 - Chien-Pao - RARE - Reverse Holo,Meg - POR - 54 - Chien-Pao - RARE - Reverse Holo,meg-por-54-chien-pao-rare-reverse-holo,Rare (Rev Holo),Mega Evolution Era; Darkness; Pokémon Cards,,1.0,Reverse Holo,RARE,Unknown,,,,,,,684435
me3-54-holo,Meg - POR - 54 - Chien-Pao - RARE - Holofoil,<p>Series: Mega Evolution<br />\nSet: Perfect Order<br />\nRarity: RARE<br />\nRelease Date: 2025/12/19<br />\nArtist: Unknown<br />\nNumber in Set: 054/088</p>,3.5,0.0,0.0,0.0,Meg - POR - 54 - Chien-Pao - RARE - Holofoil,Meg - POR - 54 - Chien-Pao - RARE - Holofoil,meg-por-54-chien-pao-rare-holofoil,Rare,Mega Evolution Era; Darkness; Pokémon Cards,,1.0,Holofoil,RARE,Unknown,,,,,,,684435
me3-55-holo,Meg - POR - 55 - Mega Skarmory ex - DOUBLE_RARE - Holofoil,<p>Series: Mega Evolution<br />\nSet: Perfect Order<br />\nRarity: DOUBLE_RARE<br />\nRelease Date: 2025/12/19<br />\nArtist: Unknown<br />\nNumber in Set: 055/088</p>,11.0,0.0,0.0,0.0,Meg - POR - 55 - Mega Skarmory ex - DOUBLE_RARE - Holofoil,Meg - POR - 55 - Mega Skarmory ex - DOUBLE_RARE - Holofoil,meg-por-55-mega-skarmory-ex-double-rare-holofoil,Double Rare,Mega Evolution Era; Metal; Pokémon Cards,,1.0,Holofoil,DOUBLE_RARE,Unknown,,,,,,,684351
me3-56-norm,Meg - POR - 56 - Honedge - COMMON - Normal,<p>Series: Mega Evolution<br />\nSet: Perfect Order<br />\nRarity: COMMON<br />\nRelease Date: 2025/12/19<br />\nArtist: Unknown<br />\nNumber in Set: 056/088</p>,3.0,0.0,0.0,0.0,Meg - POR - 56 - Honedge - COMMON - Normal,Meg - POR - 56 - Honedge - COMMON - Normal,meg-por-56-honedge-common-normal,Common,Mega Evolution Era; Metal; Pokémon Cards,,1.0,Normal,COMMON,Unknown,,,,,,,684378
me3-56-rev,Meg - POR - 56 - Honedge - COMMON - Reverse Holo,<p>Series: Mega Evolution<br />\nSet: Perfect Order<br />\nRarity: COMMON<br />\nRelease Date: 2025/12/19<br />\nArtist: Unknown<br />\nNumber in Set: 056/088</p>,4.0,0.0,0.0,0.0,Meg - POR - 56 - Honedge - COMMON - Reverse Holo,Meg - POR - 56 - Honedge - COMMON - Reverse Holo,meg-por-56-honedge-common-reverse-holo,Common (Rev Holo),Mega Evolution Era; Metal; Pokémon Cards,,1.0,Reverse Holo,COMMON,Unknown,,,,,,,684378
me3-57-norm,Meg - POR - 57 - Doublade - COMMON - Normal,<p>Series: Mega Evolution<br />\nSet: Perfect Order<br />\nRarity: COMMON<br />\nRelease Date: 2025/12/19<br />\nArtist: Unknown<br />\nNumber in Set: 057/088</p>,3.0,0.0,0.0,0.0,Meg - POR - 57 - Doublade - COMMON - Normal,Meg - POR - 57 - Doublade - COMMON - Normal,meg-por-57-doublade-common-normal,Common,Mega Evolution Era; Metal; Pokémon Cards,,1.0,Normal,COMMON,Unknown,,,,,,,684379
me3-57-rev,Meg - POR - 57 - Doublade - COMMON - Reverse Holo,<p>Series: Mega Evolution<br />\nSet: Perfect Order<br />\nRarity: COMMON<br />\nRelease Date: 2025/12/19<br />\nArtist: Unknown<br />\nNumber in Set: 057/088</p>,4.5,0.0,0.0,0.0,Meg - POR - 57 - Doublade - COMMON - Reverse Holo,Meg - POR - 57 - Doublade - COMMON - Reverse Holo,meg-por-57-doublade-common-reverse-holo,Common (Rev Holo),Mega Evolution Era; Metal; Pokémon Cards,,1.0,Reverse Holo,COMMON,Unknown,,,,,,,684379
me3-58-norm,Meg - POR - 58 - Aegislash - UNCOMMON - Normal,<p>Series: Mega Evolution<br />\nSet: Perfect Order<br />\nRarity: UNCOMMON<br />\nRelease Date: 2025/12/19<br />\nArtist: Unknown<br />\nNumber in Set: 058/088</p>,3.0,0.0,0.0,0.0,Meg - POR - 58 - Aegislash - UNCOMMON - Normal,Meg - POR - 58 - Aegislash - UNCOMMON - Normal,meg-por-58-aegislash-uncommon-normal,Uncommon,Mega Evolution Era; Metal; Pokémon Cards,,1.0,Normal,UNCOMMON,Unknown,,,,,,,684381
me3-58-rev,Meg - POR - 58 - Aegislash - UNCOMMON - Reverse Holo,<p>Series: Mega Evolution<br />\nSet: Perfect Order<br />\nRarity: UNCOMMON<br />\nRelease Date: 2025/12/19<br />\nArtist: Unknown<br />\nNumber in Set: 058/088</p>,5.0,0.0,0.0,0.0,Meg - POR - 58 - Aegislash - UNCOMMON - Reverse Holo,Meg - POR - 58 - Aegislash - UNCOMMON - Reverse Holo,meg-por-58-aegislash-uncommon-reverse-holo,Uncommon (Rev Holo),Mega Evolution Era; Metal; Pokémon Cards,,1.0,Reverse Holo,UNCOMMON,Unknown,,,,,,,684381
me3-59-norm,Meg - POR - 59 - Klefki - COMMON - Normal,<p>Series: Mega Evolution<br />\nSet: Perfect Order<br />\nRarity: COMMON<br />\nRelease Date: 2025/12/19<br />\nArtist: Unknown<br />\nNumber in Set: 059/088</p>,2.5,0.0,0.0,0.0,Meg - POR - 59 - Klefki - COMMON - Normal,Meg - POR - 59 - Klefki - COMMON - Normal,meg-por-59-klefki-common-normal,Common,Mega Evolution Era; Metal; Pokémon Cards,,1.0,Normal,COMMON,Unknown,,,,,,,684436
me3-59-rev,Meg - POR - 59 - Klefki - COMMON - Reverse Holo,<p>Series: Mega Evolution<br />\nSet: Perfect Order<br />\nRarity: COMMON<br />\nRelease Date: 2025/12/19<br />\nArtist: Unknown<br />\nNumber in Set: 059/088</p>,5.0,0.0,0.0,0.0,Meg - POR - 59 - Klefki - COMMON - Reverse Holo,Meg - POR - 59 - Klefki - COMMON - Reverse Holo,meg-por-59-klefki-common-reverse-holo,Common (Rev Holo),Mega Evolution Era; Metal; Pokémon Cards,,1.0,Reverse Holo,COMMON,Unknown,,,,,,,684436
me3-60-norm,Meg - POR - 60 - Rattata - COMMON - Normal,<p>Series: Mega Evolution<br />\nSet: Perfect Order<br />\nRarity: COMMON<br />\nRelease Date: 2025/12/19<br />\nArtist: Unknown<br />\nNumber in Set: 060/088</p>,2.0,0.0,0.0,0.0,Meg - POR - 60 - Rattata - COMMON - Normal,Meg - POR - 60 - Rattata - COMMON - Normal,meg-por-60-rattata-common-normal,Common,Mega Evolution Era; Colorless; Pokémon Cards,,1.0,Normal,COMMON,Unknown,,,,,,,684437
me3-60-rev,Meg - POR - 60 - Rattata - COMMON - Reverse Holo,<p>Series: Mega Evolution<br />\nSet: Perfect Order<br />\nRarity: COMMON<br />\nRelease Date: 2025/12/19<br />\nArtist: Unknown<br />\nNumber in Set: 060/088</p>,4.5,0.0,0.0,0.0,Meg - POR - 60 - Rattata - COMMON - Reverse Holo,Meg - POR - 60 - Rattata - COMMON - Reverse Holo,meg-por-60-rattata-common-reverse-holo,Common (Rev Holo),Mega Evolution Era; Colorless; Pokémon Cards,,1.0,Reverse Holo,COMMON,Unknown,,,,,,,684437
me3-61-norm,Meg - POR - 61 - Raticate - UNCOMMON - Normal,<p>Series: Mega Evolution<br />\nSet: Perfect Order<br />\nRarity: UNCOMMON<br />\nRelease Date: 2025/12/19<br />\nArtist: Unknown<br />\nNumber in Set: 061/088</p>,2.5,0.0,0.0,0.0,Meg - POR - 61 - Raticate - UNCOMMON - Normal,Meg - POR - 61 - Raticate - UNCOMMON - Normal,meg-por-61-raticate-uncommon-normal,Uncommon,Mega Evolution Era; Colorless; Pokémon Cards,,1.0,Normal,UNCOMMON,Unknown,,,,,,,684438
me3-61-rev,Meg - POR - 61 - Raticate - UNCOMMON - Reverse Holo,<p>Series: Mega Evolution<br />\nSet: Perfect Order<br />\nRarity: UNCOMMON<br />\nRelease Date: 2025/12/19<br />\nArtist: Unknown<br />\nNumber in Set: 061/088</p>,5.0,0.0,0.0,0.0,Meg - POR - 61 - Raticate - UNCOMMON - Reverse Holo,Meg - POR - 61 - Raticate - UNCOMMON - Reverse Holo,meg-por-61-raticate-uncommon-reverse-holo,Uncommon (Rev Holo),Mega Evolution Era; Colorless; Pokémon Cards,,1.0,Reverse Holo,UNCOMMON,Unknown,,,,,,,684438
me3-62-holo,Meg - POR - 62 - Meowth ex - DOUBLE_RARE - Holofoil,<p>Series: Mega Evolution<br />\nSet: Perfect Order<br />\nRarity: DOUBLE_RARE<br />\nRelease Date: 2025/12/19<br />\nArtist: Unknown<br />\nNumber in Set: 062/088</p>,84.0,0.0,0.0,0.0,Meg - POR - 62 - Meowth ex - DOUBLE_RARE - Holofoil,Meg - POR - 62 - Meowth ex - DOUBLE_RARE - Holofoil,meg-por-62-meowth-ex-double-rare-holofoil,Double Rare,Mega Evolution Era; Colorless; Pokémon Cards,,1.0,Holofoil,DOUBLE_RARE,Unknown,,,,,,,684340
me3-63-norm,Meg - POR - 63 - Snorlax - COMMON - Normal,<p>Series: Mega Evolution<br />\nSet: Perfect Order<br />\nRarity: COMMON<br />\nRelease Date: 2025/12/19<br />\nArtist: Unknown<br />\nNumber in Set: 063/088</p>,4.0,0.0,0.0,0.0,Meg - POR - 63 - Snorlax - COMMON - Normal,Meg - POR - 63 - Snorlax - COMMON - Normal,meg-por-63-snorlax-common-normal,Common,Mega Evolution Era; Colorless; Pokémon Cards,,1.0,Normal,COMMON,Unknown,,,,,,,684440
me3-63-rev,Meg - POR - 63 - Snorlax - COMMON - Reverse Holo,<p>Series: Mega Evolution<br />\nSet: Perfect Order<br />\nRarity: COMMON<br />\nRelease Date: 2025/12/19<br />\nArtist: Unknown<br />\nNumber in Set: 063/088</p>,5.0,0.0,0.0,0.0,Meg - POR - 63 - Snorlax - COMMON - Reverse Holo,Meg - POR - 63 - Snorlax - COMMON - Reverse Holo,meg-por-63-snorlax-common-reverse-holo,Common (Rev Holo),Mega Evolution Era; Colorless; Pokémon Cards,,1.0,Reverse Holo,COMMON,Unknown,,,,,,,684440
me3-64-norm,Meg - POR - 64 - Bunnelby - COMMON - Normal,<p>Series: Mega Evolution<br />\nSet: Perfect Order<br />\nRarity: COMMON<br />\nRelease Date: 2025/12/19<br />\nArtist: Unknown<br />\nNumber in Set: 064/088</p>,1.5,0.0,0.0,0.0,Meg - POR - 64 - Bunnelby - COMMON - Normal,Meg - POR - 64 - Bunnelby - COMMON - Normal,meg-por-64-bunnelby-common-normal,Common,Mega Evolution Era; Colorless; Pokémon Cards,,1.0,Normal,COMMON,Unknown,,,,,,,684441
me3-64-rev,Meg - POR - 64 - Bunnelby - COMMON - Reverse Holo,<p>Series: Mega Evolution<br />\nSet: Perfect Order<br />\nRarity: COMMON<br />\nRelease Date: 2025/12/19<br />\nArtist: Unknown<br />\nNumber in Set: 064/088</p>,4.0,0.0,0.0,0.0,Meg - POR - 64 - Bunnelby - COMMON - Reverse Holo,Meg - POR - 64 - Bunnelby - COMMON - Reverse Holo,meg-por-64-bunnelby-common-reverse-holo,Common (Rev Holo),Mega Evolution Era; Colorless; Pokémon Cards,,1.0,Reverse Holo,COMMON,Unknown,,,,,,,684441
me3-65-norm,Meg - POR - 65 - Diggersby - UNCOMMON - Normal,<p>Series: Mega Evolution<br />\nSet: Perfect Order<br />\nRarity: UNCOMMON<br />\nRelease Date: 2025/12/19<br />\nArtist: Unknown<br />\nNumber in Set: 065/088</p>,2.5,0.0,0.0,0.0,Meg - POR - 65 - Diggersby - UNCOMMON - Normal,Meg - POR - 65 - Diggersby - UNCOMMON - Normal,meg-por-65-diggersby-uncommon-normal,Uncommon,Mega Evolution Era; Colorless; Pokémon Cards,,1.0,Normal,UNCOMMON,Unknown,,,,,,,684442
me3-65-rev,Meg - POR - 65 - Diggersby - UNCOMMON - Reverse Holo,<p>Series: Mega Evolution<br />\nSet: Perfect Order<br />\nRarity: UNCOMMON<br />\nRelease Date: 2025/12/19<br />\nArtist: Unknown<br />\nNumber in Set: 065/088</p>,3.5,0.0,0.0,0.0,Meg - POR - 65 - Diggersby - UNCOMMON - Reverse Holo,Meg - POR - 65 - Diggersby - UNCOMMON - Reverse Holo,meg-por-65-diggersby-uncommon-reverse-holo,Uncommon (Rev Holo),Mega Evolution Era; Colorless; Pokémon Cards,,1.0,Reverse Holo,UNCOMMON,Unknown,,,,,,,684442
me3-66-norm,Meg - POR - 66 - Fletchling - COMMON - Normal,<p>Series: Mega Evolution<br />\nSet: Perfect Order<br />\nRarity: COMMON<br />\nRelease Date: 2025/12/19<br />\nArtist: Unknown<br />\nNumber in Set: 066/088</p>,2.5,0.0,0.0,0.0,Meg - POR - 66 - Fletchling - COMMON - Normal,Meg - POR - 66 - Fletchling - COMMON - Normal,meg-por-66-fletchling-common-normal,Common,Mega Evolution Era; Colorless; Pokémon Cards,,1.0,Normal,COMMON,Unknown,,,,,,,684403
me3-66-rev,Meg - POR - 66 - Fletchling - COMMON - Reverse Holo,<p>Series: Mega Evolution<br />\nSet: Perfect Order<br />\nRarity: COMMON<br />\nRelease Date: 2025/12/19<br />\nArtist: Unknown<br />\nNumber in Set: 066/088</p>,3.0,0.0,0.0,0.0,Meg - POR - 66 - Fletchling - COMMON - Reverse Holo,Meg - POR - 66 - Fletchling - COMMON - Reverse Holo,meg-por-66-fletchling-common-reverse-holo,Common (Rev Holo),Mega Evolution Era; Colorless; Pokémon Cards,,1.0,Reverse Holo,COMMON,Unknown,,,,,,,684403
me3-67-norm,Meg - POR - 67 - Furfrou - COMMON - Normal,<p>Series: Mega Evolution<br />\nSet: Perfect Order<br />\nRarity: COMMON<br />\nRelease Date: 2025/12/19<br />\nArtist: Unknown<br />\nNumber in Set: 067/088</p>,2.0,0.0,0.0,0.0,Meg - POR - 67 - Furfrou - COMMON - Normal,Meg - POR - 67 - Furfrou - COMMON - Normal,meg-por-67-furfrou-common-normal,Common,Mega Evolution Era; Colorless; Pokémon Cards,,1.0,Normal,COMMON,Unknown,,,,,,,684443
me3-67-rev,Meg - POR - 67 - Furfrou - COMMON - Reverse Holo,<p>Series: Mega Evolution<br />\nSet: Perfect Order<br />\nRarity: COMMON<br />\nRelease Date: 2025/12/19<br />\nArtist: Unknown<br />\nNumber in Set: 067/088</p>,4.0,0.0,0.0,0.0,Meg - POR - 67 - Furfrou - COMMON - Reverse Holo,Meg - POR - 67 - Furfrou - COMMON - Reverse Holo,meg-por-67-furfrou-common-reverse-holo,Common (Rev Holo),Mega Evolution Era; Colorless; Pokémon Cards,,1.0,Reverse Holo,COMMON,Unknown,,,,,,,684443
me3-68-norm,Meg - POR - 68 - Antique Jaw Fossil - COMMON - Normal,<p>Series: Mega Evolution<br />\nSet: Perfect Order<br />\nRarity: COMMON<br />\nRelease Date: 2025/12/19<br />\nArtist: Unknown<br />\nNumber in Set: 068/088</p>,3.0,0.0,0.0,0.0,Meg - POR - 68 - Antique Jaw Fossil - COMMON - Normal,Meg - POR - 68 - Antique Jaw Fossil - COMMON - Normal,meg-por-68-antique-jaw-fossil-common-normal,Common,Mega Evolution Era; Colorless; Pokémon Cards,,1.0,Normal,COMMON,Unknown,,,,,,,684353
me3-68-rev,Meg - POR - 68 - Antique Jaw Fossil - COMMON - Reverse Holo,<p>Series: Mega Evolution<br />\nSet: Perfect Order<br />\nRarity: COMMON<br />\nRelease Date: 2025/12/19<br />\nArtist: Unknown<br />\nNumber in Set: 068/088</p>,4.5,0.0,0.0,0.0,Meg - POR - 68 - Antique Jaw Fossil - COMMON - Reverse Holo,Meg - POR - 68 - Antique Jaw Fossil - COMMON - Reverse Holo,meg-por-68-antique-jaw-fossil-common-reverse-holo,Common (Rev Holo),Mega Evolution Era; Colorless; Pokémon Cards,,1.0,Reverse Holo,COMMON,Unknown,,,,,,,684353
me3-69-norm,Meg - POR - 69 - Antique Sail Fossil - COMMON - Normal,<p>Series: Mega Evolution<br />\nSet: Perfect Order<br />\nRarity: COMMON<br />\nRelease Date: 2025/12/19<br />\nArtist: Unknown<br />\nNumber in Set: 069/088</p>,2.0,0.0,0.0,0.0,Meg - POR - 69 - Antique Sail Fossil - COMMON - Normal,Meg - POR - 69 - Antique Sail Fossil - COMMON - Normal,meg-por-69-antique-sail-fossil-common-normal,Common,Mega Evolution Era; Colorless; Pokémon Cards,,1.0,Normal,COMMON,Unknown,,,,,,,684354
me3-69-rev,Meg - POR - 69 - Antique Sail Fossil - COMMON - Reverse Holo,<p>Series: Mega Evolution<br />\nSet: Perfect Order<br />\nRarity: COMMON<br />\nRelease Date: 2025/12/19<br />\nArtist: Unknown<br />\nNumber in Set: 069/088</p>,5.0,0.0,0.0,0.0,Meg - POR - 69 - Antique Sail Fossil - COMMON - Reverse Holo,Meg - POR - 69 - Antique Sail Fossil - COMMON - Reverse Holo,meg-por-69-antique-sail-fossil-common-reverse-holo,Common (Rev Holo),Mega Evolution Era; Colorless; Pokémon Cards,,1.0,Reverse Holo,COMMON,Unknown,,,,,,,684354
me3-70-norm,Meg - POR - 70 - Core Memory - UNCOMMON - Normal,<p>Series: Mega Evolution<br />\nSet: Perfect Order<br />\nRarity: UNCOMMON<br />\nRelease Date: 2025/12/19<br />\nArtist: Unknown<br />\nNumber in Set: 070/088</p>,2.5,0.0,0.0,0.0,Meg - POR - 70 - Core Memory - UNCOMMON - Normal,Meg - POR - 70 - Core Memory - UNCOMMON - Normal,meg-por-70-core-memory-uncommon-normal,Uncommon,Mega Evolution Era; Colorless; Pokémon Cards,,1.0,Normal,UNCOMMON,Unknown,,,,,,,684343
me3-70-rev,Meg - POR - 70 - Core Memory - UNCOMMON - Reverse Holo,<p>Series: Mega Evolution<br />\nSet: Perfect Order<br />\nRarity: UNCOMMON<br />\nRelease Date: 2025/12/19<br />\nArtist: Unknown<br />\nNumber in Set: 070/088</p>,4.0,0.0,0.0,0.0,Meg - POR - 70 - Core Memory - UNCOMMON - Reverse Holo,Meg - POR - 70 - Core Memory - UNCOMMON - Reverse Holo,meg-por-70-core-memory-uncommon-reverse-holo,Uncommon (Rev Holo),Mega Evolution Era; Colorless; Pokémon Cards,,1.0,Reverse Holo,UNCOMMON,Unknown,,,,,,,684343
me3-71-norm,Meg - POR - 71 - Crushing Hammer - COMMON - Normal,<p>Series: Mega Evolution<br />\nSet: Perfect Order<br />\nRarity: COMMON<br />\nRelease Date: 2025/12/19<br />\nArtist: Unknown<br />\nNumber in Set: 071/088</p>,3.0,0.0,0.0,0.0,Meg - POR - 71 - Crushing Hammer - COMMON - Normal,Meg - POR - 71 - Crushing Hammer - COMMON - Normal,meg-por-71-crushing-hammer-common-normal,Common,Mega Evolution Era; Colorless; Pokémon Cards,,1.0,Normal,COMMON,Unknown,,,,,,,684325
me3-71-rev,Meg - POR - 71 - Crushing Hammer - COMMON - Reverse Holo,<p>Series: Mega Evolution<br />\nSet: Perfect Order<br />\nRarity: COMMON<br />\nRelease Date: 2025/12/19<br />\nArtist: Unknown<br />\nNumber in Set: 071/088</p>,5.0,0.0,0.0,0.0,Meg - POR - 71 - Crushing Hammer - COMMON - Reverse Holo,Meg - POR - 71 - Crushing Hammer - COMMON - Reverse Holo,meg-por-71-crushing-hammer-common-reverse-holo,Common (Rev Holo),Mega Evolution Era; Colorless; Pokémon Cards,,1.0,Reverse Holo,COMMON,Unknown,,,,,,,684325
me3-72-norm,Meg - POR - 72 - Energy Search - COMMON - Normal,<p>Series: Mega Evolution<br />\nSet: Perfect Order<br />\nRarity: COMMON<br />\nRelease Date: 2025/12/19<br />\nArtist: Unknown<br />\nNumber in Set: 072/088</p>,3.0,0.0,0.0,0.0,Meg - POR - 72 - Energy Search - COMMON - Normal,Meg - POR - 72 - Energy Search - COMMON - Normal,meg-por-72-energy-search-common-normal,Common,Mega Evolution Era; Colorless; Pokémon Cards,,1.0,Normal,COMMON,Unknown,,,,,,,684322
me3-72-rev,Meg - POR - 72 - Energy Search - COMMON - Reverse Holo,<p>Series: Mega Evolution<br />\nSet: Perfect Order<br />\nRarity: COMMON<br />\nRelease Date: 2025/12/19<br />\nArtist: Unknown<br />\nNumber in Set: 072/088</p>,5.5,0.0,0.0,0.0,Meg - POR - 72 - Energy Search - COMMON - Reverse Holo,Meg - POR - 72 - Energy Search - COMMON - Reverse Holo,meg-por-72-energy-search-common-reverse-holo,Common (Rev Holo),Mega Evolution Era; Colorless; Pokémon Cards,,1.0,Reverse Holo,COMMON,Unknown,,,,,,,684322
me3-73-norm,Meg - POR - 73 - Energy Swatter - UNCOMMON - Normal,<p>Series: Mega Evolution<br />\nSet: Perfect Order<br />\nRarity: UNCOMMON<br />\nRelease Date: 2025/12/19<br />\nArtist: Unknown<br />\nNumber in Set: 073/088</p>,3.0,0.0,0.0,0.0,Meg - POR - 73 - Energy Swatter - UNCOMMON - Normal,Meg - POR - 73 - Energy Swatter - UNCOMMON - Normal,meg-por-73-energy-swatter-uncommon-normal,Uncommon,Mega Evolution Era; Colorless; Pokémon Cards,,1.0,Normal,UNCOMMON,Unknown,,,,,,,684388
me3-73-rev,Meg - POR - 73 - Energy Swatter - UNCOMMON - Reverse Holo,<p>Series: Mega Evolution<br />\nSet: Perfect Order<br />\nRarity: UNCOMMON<br />\nRelease Date: 2025/12/19<br />\nArtist: Unknown<br />\nNumber in Set: 073/088</p>,4.0,0.0,0.0,0.0,Meg - POR - 73 - Energy Swatter - UNCOMMON - Reverse Holo,Meg - POR - 73 - Energy Swatter - UNCOMMON - Reverse Holo,meg-por-73-energy-swatter-uncommon-reverse-holo,Uncommon (Rev Holo),Mega Evolution Era; Colorless; Pokémon Cards,,1.0,Reverse Holo,UNCOMMON,Unknown,,,,,,,684388
me3-74-norm,Meg - POR - 74 - Hole-Digging Shovel - COMMON - Normal,<p>Series: Mega Evolution<br />\nSet: Perfect Order<br />\nRarity: COMMON<br />\nRelease Date: 2025/12/19<br />\nArtist: Unknown<br />\nNumber in Set: 074/088</p>,3.0,0.0,0.0,0.0,Meg - POR - 74 - Hole-Digging Shovel - COMMON - Normal,Meg - POR - 74 - Hole-Digging Shovel - COMMON - Normal,meg-por-74-hole-digging-shovel-common-normal,Common,Mega Evolution Era; Colorless; Pokémon Cards,,1.0,Normal,COMMON,Unknown,,,,,,,684330
me3-74-rev,Meg - POR - 74 - Hole-Digging Shovel - COMMON - Reverse Holo,<p>Series: Mega Evolution<br />\nSet: Perfect Order<br />\nRarity: COMMON<br />\nRelease Date: 2025/12/19<br />\nArtist: Unknown<br />\nNumber in Set: 074/088</p>,4.5,0.0,0.0,0.0,Meg - POR - 74 - Hole-Digging Shovel - COMMON - Reverse Holo,Meg - POR - 74 - Hole-Digging Shovel - COMMON - Reverse Holo,meg-por-74-hole-digging-shovel-common-reverse-holo,Common (Rev Holo),Mega Evolution Era; Colorless; Pokémon Cards,,1.0,Reverse Holo,COMMON,Unknown,,,,,,,684330
me3-75-norm,Meg - POR - 75 - Jacinthe - UNCOMMON - Normal,<p>Series: Mega Evolution<br />\nSet: Perfect Order<br />\nRarity: UNCOMMON<br />\nRelease Date: 2025/12/19<br />\nArtist: Unknown<br />\nNumber in Set: 075/088</p>,3.0,0.0,0.0,0.0,Meg - POR - 75 - Jacinthe - UNCOMMON - Normal,Meg - POR - 75 - Jacinthe - UNCOMMON - Normal,meg-por-75-jacinthe-uncommon-normal,Uncommon,Mega Evolution Era; Colorless; Pokémon Cards,,1.0,Normal,UNCOMMON,Unknown,,,,,,,684393
me3-75-rev,Meg - POR - 75 - Jacinthe - UNCOMMON - Reverse Holo,<p>Series: Mega Evolution<br />\nSet: Perfect Order<br />\nRarity: UNCOMMON<br />\nRelease Date: 2025/12/19<br />\nArtist: Unknown<br />\nNumber in Set: 075/088</p>,4.5,0.0,0.0,0.0,Meg - POR - 75 - Jacinthe - UNCOMMON - Reverse Holo,Meg - POR - 75 - Jacinthe - UNCOMMON - Reverse Holo,meg-por-75-jacinthe-uncommon-reverse-holo,Uncommon (Rev Holo),Mega Evolution Era; Colorless; Pokémon Cards,,1.0,Reverse Holo,UNCOMMON,Unknown,,,,,,,684393
me3-76-norm,Meg - POR - 76 - Judge - UNCOMMON - Normal,<p>Series: Mega Evolution<br />\nSet: Perfect Order<br />\nRarity: UNCOMMON<br />\nRelease Date: 2025/12/19<br />\nArtist: Unknown<br />\nNumber in Set: 076/088</p>,2.0,0.0,0.0,0.0,Meg - POR - 76 - Judge - UNCOMMON - Normal,Meg - POR - 76 - Judge - UNCOMMON - Normal,meg-por-76-judge-uncommon-normal,Uncommon,Mega Evolution Era; Colorless; Pokémon Cards,,1.0,Normal,UNCOMMON,Unknown,,,,,,,684323
me3-76-rev,Meg - POR - 76 - Judge - UNCOMMON - Reverse Holo,<p>Series: Mega Evolution<br />\nSet: Perfect Order<br />\nRarity: UNCOMMON<br />\nRelease Date: 2025/12/19<br />\nArtist: Unknown<br />\nNumber in Set: 076/088</p>,4.5,0.0,0.0,0.0,Meg - POR - 76 - Judge - UNCOMMON - Reverse Holo,Meg - POR - 76 - Judge - UNCOMMON - Reverse Holo,meg-por-76-judge-uncommon-reverse-holo,Uncommon (Rev Holo),Mega Evolution Era; Colorless; Pokémon Cards,,1.0,Reverse Holo,UNCOMMON,Unknown,,,,,,,684323
me3-77-norm,Meg - POR - 77 - Lumiose City - UNCOMMON - Normal,<p>Series: Mega Evolution<br />\nSet: Perfect Order<br />\nRarity: UNCOMMON<br />\nRelease Date: 2025/12/19<br />\nArtist: Unknown<br />\nNumber in Set: 077/088</p>,2.5,0.0,0.0,0.0,Meg - POR - 77 - Lumiose City - UNCOMMON - Normal,Meg - POR - 77 - Lumiose City - UNCOMMON - Normal,meg-por-77-lumiose-city-uncommon-normal,Uncommon,Mega Evolution Era; Colorless; Pokémon Cards,,1.0,Normal,UNCOMMON,Unknown,,,,,,,684348
me3-77-rev,Meg - POR - 77 - Lumiose City - UNCOMMON - Reverse Holo,<p>Series: Mega Evolution<br />\nSet: Perfect Order<br />\nRarity: UNCOMMON<br />\nRelease Date: 2025/12/19<br />\nArtist: Unknown<br />\nNumber in Set: 077/088</p>,5.0,0.0,0.0,0.0,Meg - POR - 77 - Lumiose City - UNCOMMON - Reverse Holo,Meg - POR - 77 - Lumiose City - UNCOMMON - Reverse Holo,meg-por-77-lumiose-city-uncommon-reverse-holo,Uncommon (Rev Holo),Mega Evolution Era; Colorless; Pokémon Cards,,1.0,Reverse Holo,UNCOMMON,Unknown,,,,,,,684348
me3-78-norm,Meg - POR - 78 - Lumiose Galette - UNCOMMON - Normal,<p>Series: Mega Evolution<br />\nSet: Perfect Order<br />\nRarity: UNCOMMON<br />\nRelease Date: 2025/12/19<br />\nArtist: Unknown<br />\nNumber in Set: 078/088</p>,1.0,0.0,0.0,0.0,Meg - POR - 78 - Lumiose Galette - UNCOMMON - Normal,Meg - POR - 78 - Lumiose Galette - UNCOMMON - Normal,meg-por-78-lumiose-galette-uncommon-normal,Uncommon,Mega Evolution Era; Colorless; Pokémon Cards,,1.0,Normal,UNCOMMON,Unknown,,,,,,,684389
me3-78-rev,Meg - POR - 78 - Lumiose Galette - UNCOMMON - Reverse Holo,<p>Series: Mega Evolution<br />\nSet: Perfect Order<br />\nRarity: UNCOMMON<br />\nRelease Date: 2025/12/19<br />\nArtist: Unknown<br />\nNumber in Set: 078/088</p>,4.0,0.0,0.0,0.0,Meg - POR - 78 - Lumiose Galette - UNCOMMON - Reverse Holo,Meg - POR - 78 - Lumiose Galette - UNCOMMON - Reverse Holo,meg-por-78-lumiose-galette-uncommon-reverse-holo,Uncommon (Rev Holo),Mega Evolution Era; Colorless; Pokémon Cards,,1.0,Reverse Holo,UNCOMMON,Unknown,,,,,,,684389
me3-79-norm,Meg - POR - 79 - Naveen - UNCOMMON - Normal,<p>Series: Mega Evolution<br />\nSet: Perfect Order<br />\nRarity: UNCOMMON<br />\nRelease Date: 2025/12/19<br />\nArtist: Unknown<br />\nNumber in Set: 079/088</p>,2.5,0.0,0.0,0.0,Meg - POR - 79 - Naveen - UNCOMMON - Normal,Meg - POR - 79 - Naveen - UNCOMMON - Normal,meg-por-79-naveen-uncommon-normal,Uncommon,Mega Evolution Era; Colorless; Pokémon Cards,,1.0,Normal,UNCOMMON,Unknown,,,,,,,684346
me3-79-rev,Meg - POR - 79 - Naveen - UNCOMMON - Reverse Holo,<p>Series: Mega Evolution<br />\nSet: Perfect Order<br />\nRarity: UNCOMMON<br />\nRelease Date: 2025/12/19<br />\nArtist: Unknown<br />\nNumber in Set: 079/088</p>,5.0,0.0,0.0,0.0,Meg - POR - 79 - Naveen - UNCOMMON - Reverse Holo,Meg - POR - 79 - Naveen - UNCOMMON - Reverse Holo,meg-por-79-naveen-uncommon-reverse-holo,Uncommon (Rev Holo),Mega Evolution Era; Colorless; Pokémon Cards,,1.0,Reverse Holo,UNCOMMON,Unknown,,,,,,,684346
me3-80-norm,Meg - POR - 80 - Poke Ball - COMMON - Normal,<p>Series: Mega Evolution<br />\nSet: Perfect Order<br />\nRarity: COMMON<br />\nRelease Date: 2025/12/19<br />\nArtist: Unknown<br />\nNumber in Set: 080/088</p>,3.5,0.0,0.0,0.0,Meg - POR - 80 - Poke Ball - COMMON - Normal,Meg - POR - 80 - Poke Ball - COMMON - Normal,meg-por-80-poke-ball-common-normal,Common,Mega Evolution Era; Colorless; Pokémon Cards,,1.0,Normal,COMMON,Unknown,,,,,,,684321
me3-80-rev,Meg - POR - 80 - Poke Ball - COMMON - Reverse Holo,<p>Series: Mega Evolution<br />\nSet: Perfect Order<br />\nRarity: COMMON<br />\nRelease Date: 2025/12/19<br />\nArtist: Unknown<br />\nNumber in Set: 080/088</p>,3.5,0.0,0.0,0.0,Meg - POR - 80 - Poke Ball - COMMON - Reverse Holo,Meg - POR - 80 - Poke Ball - COMMON - Reverse Holo,meg-por-80-poke-ball-common-reverse-holo,Common (Rev Holo),Mega Evolution Era; Colorless; Pokémon Cards,,1.0,Reverse Holo,COMMON,Unknown,,,,,,,684321
me3-81-norm,Meg - POR - 81 - Poke Pad - UNCOMMON - Normal,<p>Series: Mega Evolution<br />\nSet: Perfect Order<br />\nRarity: UNCOMMON<br />\nRelease Date: 2025/12/19<br />\nArtist: Unknown<br />\nNumber in Set: 081/088</p>,6.5,0.0,0.0,0.0,Meg - POR - 81 - Poke Pad - UNCOMMON - Normal,Meg - POR - 81 - Poke Pad - UNCOMMON - Normal,meg-por-81-poke-pad-uncommon-normal,Uncommon,Mega Evolution Era; Colorless; Pokémon Cards,,1.0,Normal,UNCOMMON,Unknown,,,,,,,684332
me3-81-rev,Meg - POR - 81 - Poke Pad - UNCOMMON - Reverse Holo,<p>Series: Mega Evolution<br />\nSet: Perfect Order<br />\nRarity: UNCOMMON<br />\nRelease Date: 2025/12/19<br />\nArtist: Unknown<br />\nNumber in Set: 081/088</p>,12.5,0.0,0.0,0.0,Meg - POR - 81 - Poke Pad - UNCOMMON - Reverse Holo,Meg - POR - 81 - Poke Pad - UNCOMMON - Reverse Holo,meg-por-81-poke-pad-uncommon-reverse-holo,Uncommon (Rev Holo),Mega Evolution Era; Colorless; Pokémon Cards,,1.0,Reverse Holo,UNCOMMON,Unknown,,,,,,,684332
me3-82-norm,Meg - POR - 82 - Pokemon Catcher - COMMON - Normal,<p>Series: Mega Evolution<br />\nSet: Perfect Order<br />\nRarity: COMMON<br />\nRelease Date: 2025/12/19<br />\nArtist: Unknown<br />\nNumber in Set: 082/088</p>,1.5,0.0,0.0,0.0,Meg - POR - 82 - Pokemon Catcher - COMMON - Normal,Meg - POR - 82 - Pokemon Catcher - COMMON - Normal,meg-por-82-pokemon-catcher-common-normal,Common,Mega Evolution Era; Colorless; Pokémon Cards,,1.0,Normal,COMMON,Unknown,,,,,,,684324
me3-82-rev,Meg - POR - 82 - Pokemon Catcher - COMMON - Reverse Holo,<p>Series: Mega Evolution<br />\nSet: Perfect Order<br />\nRarity: COMMON<br />\nRelease Date: 2025/12/19<br />\nArtist: Unknown<br />\nNumber in Set: 082/088</p>,4.5,0.0,0.0,0.0,Meg - POR - 82 - Pokemon Catcher - COMMON - Reverse Holo,Meg - POR - 82 - Pokemon Catcher - COMMON - Reverse Holo,meg-por-82-pokemon-catcher-common-reverse-holo,Common (Rev Holo),Mega Evolution Era; Colorless; Pokémon Cards,,1.0,Reverse Holo,COMMON,Unknown,,,,,,,684324
me3-83-norm,Meg - POR - 83 - Potion - COMMON - Normal,<p>Series: Mega Evolution<br />\nSet: Perfect Order<br />\nRarity: COMMON<br />\nRelease Date: 2025/12/19<br />\nArtist: Unknown<br />\nNumber in Set: 083/088</p>,4.0,0.0,0.0,0.0,Meg - POR - 83 - Potion - COMMON - Normal,Meg - POR - 83 - Potion - COMMON - Normal,meg-por-83-potion-common-normal,Common,Mega Evolution Era; Colorless; Pokémon Cards,,1.0,Normal,COMMON,Unknown,,,,,,,684320
me3-83-rev,Meg - POR - 83 - Potion - COMMON - Reverse Holo,<p>Series: Mega Evolution<br />\nSet: Perfect Order<br />\nRarity: COMMON<br />\nRelease Date: 2025/12/19<br />\nArtist: Unknown<br />\nNumber in Set: 083/088</p>,3.5,0.0,0.0,0.0,Meg - POR - 83 - Potion - COMMON - Reverse Holo,Meg - POR - 83 - Potion - COMMON - Reverse Holo,meg-por-83-potion-common-reverse-holo,Common (Rev Holo),Mega Evolution Era; Colorless; Pokémon Cards,,1.0,Reverse Holo,COMMON,Unknown,,,,,,,684320
me3-84-norm,Meg - POR - 84 - Rosa's Encouragement - UNCOMMON - Normal,<p>Series: Mega Evolution<br />\nSet: Perfect Order<br />\nRarity: UNCOMMON<br />\nRelease Date: 2025/12/19<br />\nArtist: Unknown<br />\nNumber in Set: 084/088</p>,3.5,0.0,0.0,0.0,Meg - POR - 84 - Rosa's Encouragement - UNCOMMON - Normal,Meg - POR - 84 - Rosa's Encouragement - UNCOMMON - Normal,meg-por-84-rosas-encouragement-uncommon-normal,Uncommon,Mega Evolution Era; Colorless; Pokémon Cards,,1.0,Normal,UNCOMMON,Unknown,,,,,,,684390
me3-84-rev,Meg - POR - 84 - Rosa's Encouragement - UNCOMMON - Reverse Holo,<p>Series: Mega Evolution<br />\nSet: Perfect Order<br />\nRarity: UNCOMMON<br />\nRelease Date: 2025/12/19<br />\nArtist: Unknown<br />\nNumber in Set: 084/088</p>,5.0,0.0,0.0,0.0,Meg - POR - 84 - Rosa's Encouragement - UNCOMMON - Reverse Holo,Meg - POR - 84 - Rosa's Encouragement - UNCOMMON - Reverse Holo,meg-por-84-rosas-encouragement-uncommon-reverse-holo,Uncommon (Rev Holo),Mega Evolution Era; Colorless; Pokémon Cards,,1.0,Reverse Holo,UNCOMMON,Unknown,,,,,,,684390
me3-85-norm,Meg - POR - 85 - Tarragon - UNCOMMON - Normal,<p>Series: Mega Evolution<br />\nSet: Perfect Order<br />\nRarity: UNCOMMON<br />\nRelease Date: 2025/12/19<br />\nArtist: Unknown<br />\nNumber in Set: 085/088</p>,4.0,0.0,0.0,0.0,Meg - POR - 85 - Tarragon - UNCOMMON - Normal,Meg - POR - 85 - Tarragon - UNCOMMON - Normal,meg-por-85-tarragon-uncommon-normal,Uncommon,Mega Evolution Era; Colorless; Pokémon Cards,,1.0,Normal,UNCOMMON,Unknown,,,,,,,684344
me3-85-rev,Meg - POR - 85 - Tarragon - UNCOMMON - Reverse Holo,<p>Series: Mega Evolution<br />\nSet: Perfect Order<br />\nRarity: UNCOMMON<br />\nRelease Date: 2025/12/19<br />\nArtist: Unknown<br />\nNumber in Set: 085/088</p>,5.5,0.0,0.0,0.0,Meg - POR - 85 - Tarragon - UNCOMMON - Reverse Holo,Meg - POR - 85 - Tarragon - UNCOMMON - Reverse Holo,meg-por-85-tarragon-uncommon-reverse-holo,Uncommon (Rev Holo),Mega Evolution Era; Colorless; Pokémon Cards,,1.0,Reverse Holo,UNCOMMON,Unknown,,,,,,,684344
me3-86-rev,Meg - POR - 86 - Growing Grass Energy - RARE - Reverse Holo,<p>Series: Mega Evolution<br />\nSet: Perfect Order<br />\nRarity: RARE<br />\nRelease Date: 2025/12/19<br />\nArtist: Unknown<br />\nNumber in Set: 086/088</p>,4.0,0.0,0.0,0.0,Meg - POR - 86 - Growing Grass Energy - RARE - Reverse Holo,Meg - POR - 86 - Growing Grass Energy - RARE - Reverse Holo,meg-por-86-growing-grass-energy-rare-reverse-holo,Rare (Rev Holo),Mega Evolution Era; Colorless; Pokémon Cards,,1.0,Reverse Holo,RARE,Unknown,,,,,,,684375
me3-86-holo,Meg - POR - 86 - Growing Grass Energy - RARE - Holofoil,<p>Series: Mega Evolution<br />\nSet: Perfect Order<br />\nRarity: RARE<br />\nRelease Date: 2025/12/19<br />\nArtist: Unknown<br />\nNumber in Set: 086/088</p>,3.5,0.0,0.0,0.0,Meg - POR - 86 - Growing Grass Energy - RARE - Holofoil,Meg - POR - 86 - Growing Grass Energy - RARE - Holofoil,meg-por-86-growing-grass-energy-rare-holofoil,Rare,Mega Evolution Era; Colorless; Pokémon Cards,,1.0,Holofoil,RARE,Unknown,,,,,,,684375
me3-87-rev,Meg - POR - 87 - Rocky Fighting Energy - RARE - Reverse Holo,<p>Series: Mega Evolution<br />\nSet: Perfect Order<br />\nRarity: RARE<br />\nRelease Date: 2025/12/19<br />\nArtist: Unknown<br />\nNumber in Set: 087/088</p>,5.0,0.0,0.0,0.0,Meg - POR - 87 - Rocky Fighting Energy - RARE - Reverse Holo,Meg - POR - 87 - Rocky Fighting Energy - RARE - Reverse Holo,meg-por-87-rocky-fighting-energy-rare-reverse-holo,Rare (Rev Holo),Mega Evolution Era; Colorless; Pokémon Cards,,1.0,Reverse Holo,RARE,Unknown,,,,,,,684350
me3-87-holo,Meg - POR - 87 - Rocky Fighting Energy - RARE - Holofoil,<p>Series: Mega Evolution<br />\nSet: Perfect Order<br />\nRarity: RARE<br />\nRelease Date: 2025/12/19<br />\nArtist: Unknown<br />\nNumber in Set: 087/088</p>,4.5,0.0,0.0,0.0,Meg - POR - 87 - Rocky Fighting Energy - RARE - Holofoil,Meg - POR - 87 - Rocky Fighting Energy - RARE - Holofoil,meg-por-87-rocky-fighting-energy-rare-holofoil,Rare,Mega Evolution Era; Colorless; Pokémon Cards,,1.0,Holofoil,RARE,Unknown,,,,,,,684350
me3-88-rev,Meg - POR - 88 - Telepathic Psychic Energy - RARE - Reverse Holo,<p>Series: Mega Evolution<br />\nSet: Perfect Order<br />\nRarity: RARE<br />\nRelease Date: 2025/12/19<br />\nArtist: Unknown<br />\nNumber in Set: 088/088</p>,7.0,0.0,0.0,0.0,Meg - POR - 88 - Telepathic Psychic Energy - RARE - Reverse Holo,Meg - POR - 88 - Telepathic Psychic Energy - RARE - Reverse Holo,meg-por-88-telepathic-psychic-energy-rare-reverse-holo,Rare (Rev Holo),Mega Evolution Era; Colorless; Pokémon Cards,,1.0,Reverse Holo,RARE,Unknown,,,,,,,684396
me3-88-holo,Meg - POR - 88 - Telepathic Psychic Energy - RARE - Holofoil,<p>Series: Mega Evolution<br />\nSet: Perfect Order<br />\nRarity: RARE<br />\nRelease Date: 2025/12/19<br />\nArtist: Unknown<br />\nNumber in Set: 088/088</p>,5.5,0.0,0.0,0.0,Meg - POR - 88 - Telepathic Psychic Energy - RARE - Holofoil,Meg - POR - 88 - Telepathic Psychic Energy - RARE - Holofoil,meg-por-88-telepathic-psychic-energy-rare-holofoil,Rare,Mega Evolution Era; Colorless; Pokémon Cards,,1.0,Holofoil,RARE,Unknown,,,,,,,684396
me3-89-holo,Meg - POR - 89 - Spewpa - ILLUSTRATION_RARE - Holofoil,<p>Series: Mega Evolution<br />\nSet: Perfect Order<br />\nRarity: ILLUSTRATION_RARE<br />\nRelease Date: 2025/12/19<br />\nArtist: Unknown<br />\nNumber in Set: 089/088</p>,51.0,0.0,0.0,0.0,Meg - POR - 89 - Spewpa - ILLUSTRATION_RARE - Holofoil,Meg - POR - 89 - Spewpa - ILLUSTRATION_RARE - Holofoil,meg-por-89-spewpa-illustration-rare-holofoil,Illustration Rare,Mega Evolution Era; Grass; Pokémon Cards,,1.0,Holofoil,ILLUSTRATION_RARE,Unknown,,,,,,,684365
me3-90-holo,Meg - POR - 90 - Rowlet - ILLUSTRATION_RARE - Holofoil,<p>Series: Mega Evolution<br />\nSet: Perfect Order<br />\nRarity: ILLUSTRATION_RARE<br />\nRelease Date: 2025/12/19<br />\nArtist: Unknown<br />\nNumber in Set: 090/088</p>,122.0,0.0,0.0,0.0,Meg - POR - 90 - Rowlet - ILLUSTRATION_RARE - Holofoil,Meg - POR - 90 - Rowlet - ILLUSTRATION_RARE - Holofoil,meg-por-90-rowlet-illustration-rare-holofoil,Illustration Rare,Mega Evolution Era; Grass; Pokémon Cards,,1.0,Holofoil,ILLUSTRATION_RARE,Unknown,,,,,,,684368
me3-91-holo,Meg - POR - 91 - Talonflame - ILLUSTRATION_RARE - Holofoil,<p>Series: Mega Evolution<br />\nSet: Perfect Order<br />\nRarity: ILLUSTRATION_RARE<br />\nRelease Date: 2025/12/19<br />\nArtist: Unknown<br />\nNumber in Set: 091/088</p>,59.5,0.0,0.0,0.0,Meg - POR - 91 - Talonflame - ILLUSTRATION_RARE - Holofoil,Meg - POR - 91 - Talonflame - ILLUSTRATION_RARE - Holofoil,meg-por-91-talonflame-illustration-rare-holofoil,Illustration Rare,Mega Evolution Era; Fire; Pokémon Cards,,1.0,Holofoil,ILLUSTRATION_RARE,Unknown,,,,,,,684406
me3-92-holo,Meg - POR - 92 - Aurorus - ILLUSTRATION_RARE - Holofoil,<p>Series: Mega Evolution<br />\nSet: Perfect Order<br />\nRarity: ILLUSTRATION_RARE<br />\nRelease Date: 2025/12/19<br />\nArtist: Unknown<br />\nNumber in Set: 092/088</p>,84.0,0.0,0.0,0.0,Meg - POR - 92 - Aurorus - ILLUSTRATION_RARE - Holofoil,Meg - POR - 92 - Aurorus - ILLUSTRATION_RARE - Holofoil,meg-por-92-aurorus-illustration-rare-holofoil,Illustration Rare,Mega Evolution Era; Water; Pokémon Cards,,1.0,Holofoil,ILLUSTRATION_RARE,Unknown,,,,,,,684357
me3-93-holo,Meg - POR - 93 - Dedenne - ILLUSTRATION_RARE - Holofoil,<p>Series: Mega Evolution<br />\nSet: Perfect Order<br />\nRarity: ILLUSTRATION_RARE<br />\nRelease Date: 2025/12/19<br />\nArtist: Unknown<br />\nNumber in Set: 093/088</p>,148.5,0.0,0.0,0.0,Meg - POR - 93 - Dedenne - ILLUSTRATION_RARE - Holofoil,Meg - POR - 93 - Dedenne - ILLUSTRATION_RARE - Holofoil,meg-por-93-dedenne-illustration-rare-holofoil,Illustration Rare,Mega Evolution Era; Lightning; Pokémon Cards,,1.0,Holofoil,ILLUSTRATION_RARE,Unknown,,,,,,,684413
me3-94-holo,Meg - POR - 94 - Clefairy - ILLUSTRATION_RARE - Holofoil,<p>Series: Mega Evolution<br />\nSet: Perfect Order<br />\nRarity: ILLUSTRATION_RARE<br />\nRelease Date: 2025/12/19<br />\nArtist: Unknown<br />\nNumber in Set: 094/088</p>,560.0,0.0,0.0,0.0,Meg - POR - 94 - Clefairy - ILLUSTRATION_RARE - Holofoil,Meg - POR - 94 - Clefairy - ILLUSTRATION_RARE - Holofoil,meg-por-94-clefairy-illustration-rare-holofoil,Illustration Rare,Mega Evolution Era; Psychic; Pokémon Cards,,1.0,Holofoil,ILLUSTRATION_RARE,Unknown,,,,,,,684415
me3-95-holo,Meg - POR - 95 - Espurr - ILLUSTRATION_RARE - Holofoil,<p>Series: Mega Evolution<br />\nSet: Perfect Order<br />\nRarity: ILLUSTRATION_RARE<br />\nRelease Date: 2025/12/19<br />\nArtist: Unknown<br />\nNumber in Set: 095/088</p>,126.0,0.0,0.0,0.0,Meg - POR - 95 - Espurr - ILLUSTRATION_RARE - Holofoil,Meg - POR - 95 - Espurr - ILLUSTRATION_RARE - Holofoil,meg-por-95-espurr-illustration-rare-holofoil,Illustration Rare,Mega Evolution Era; Psychic; Pokémon Cards,,1.0,Holofoil,ILLUSTRATION_RARE,Unknown,,,,,,,684418
me3-96-holo,Meg - POR - 96 - Probopass - ILLUSTRATION_RARE - Holofoil,<p>Series: Mega Evolution<br />\nSet: Perfect Order<br />\nRarity: ILLUSTRATION_RARE<br />\nRelease Date: 2025/12/19<br />\nArtist: Unknown<br />\nNumber in Set: 096/088</p>,28.0,0.0,0.0,0.0,Meg - POR - 96 - Probopass - ILLUSTRATION_RARE - Holofoil,Meg - POR - 96 - Probopass - ILLUSTRATION_RARE - Holofoil,meg-por-96-probopass-illustration-rare-holofoil,Illustration Rare,Mega Evolution Era; Fighting; Pokémon Cards,,1.0,Holofoil,ILLUSTRATION_RARE,Unknown,,,,,,,684424
me3-97-holo,Meg - POR - 97 - Drapion - ILLUSTRATION_RARE - Holofoil,<p>Series: Mega Evolution<br />\nSet: Perfect Order<br />\nRarity: ILLUSTRATION_RARE<br />\nRelease Date: 2025/12/19<br />\nArtist: Unknown<br />\nNumber in Set: 097/088</p>,33.5,0.0,0.0,0.0,Meg - POR - 97 - Drapion - ILLUSTRATION_RARE - Holofoil,Meg - POR - 97 - Drapion - ILLUSTRATION_RARE - Holofoil,meg-por-97-drapion-illustration-rare-holofoil,Illustration Rare,Mega Evolution Era; Darkness; Pokémon Cards,,1.0,Holofoil,ILLUSTRATION_RARE,Unknown,,,,,,,684434
me3-98-holo,Meg - POR - 98 - Doublade - ILLUSTRATION_RARE - Holofoil,<p>Series: Mega Evolution<br />\nSet: Perfect Order<br />\nRarity: ILLUSTRATION_RARE<br />\nRelease Date: 2025/12/19<br />\nArtist: Unknown<br />\nNumber in Set: 098/088</p>,68.5,0.0,0.0,0.0,Meg - POR - 98 - Doublade - ILLUSTRATION_RARE - Holofoil,Meg - POR - 98 - Doublade - ILLUSTRATION_RARE - Holofoil,meg-por-98-doublade-illustration-rare-holofoil,Illustration Rare,Mega Evolution Era; Metal; Pokémon Cards,,1.0,Holofoil,ILLUSTRATION_RARE,Unknown,,,,,,,684380
me3-99-holo,Meg - POR - 99 - Raticate - ILLUSTRATION_RARE - Holofoil,<p>Series: Mega Evolution<br />\nSet: Perfect Order<br />\nRarity: ILLUSTRATION_RARE<br />\nRelease Date: 2025/12/19<br />\nArtist: Unknown<br />\nNumber in Set: 099/088</p>,66.0,0.0,0.0,0.0,Meg - POR - 99 - Raticate - ILLUSTRATION_RARE - Holofoil,Meg - POR - 99 - Raticate - ILLUSTRATION_RARE - Holofoil,meg-por-99-raticate-illustration-rare-holofoil,Illustration Rare,Mega Evolution Era; Colorless; Pokémon Cards,,1.0,Holofoil,ILLUSTRATION_RARE,Unknown,,,,,,,684439
me3-100-holo,Meg - POR - 100 - Decidueye ex - ULTRA_RARE - Holofoil,<p>Series: Mega Evolution<br />\nSet: Perfect Order<br />\nRarity: ULTRA_RARE<br />\nRelease Date: 2025/12/19<br />\nArtist: Unknown<br />\nNumber in Set: 100/088</p>,71.0,0.0,0.0,0.0,Meg - POR - 100 - Decidueye ex - ULTRA_RARE - Holofoil,Meg - POR - 100 - Decidueye ex - ULTRA_RARE - Holofoil,meg-por-100-decidueye-ex-ultra-rare-holofoil,Ultra Rare,Mega Evolution Era; Grass; Pokémon Cards,,1.0,Holofoil,ULTRA_RARE,Unknown,,,,,,,684371
me3-101-holo,Meg - POR - 101 - Salazzle ex - ULTRA_RARE - Holofoil,<p>Series: Mega Evolution<br />\nSet: Perfect Order<br />\nRarity: ULTRA_RARE<br />\nRelease Date: 2025/12/19<br />\nArtist: Unknown<br />\nNumber in Set: 101/088</p>,43.5,0.0,0.0,0.0,Meg - POR - 101 - Salazzle ex - ULTRA_RARE - Holofoil,Meg - POR - 101 - Salazzle ex - ULTRA_RARE - Holofoil,meg-por-101-salazzle-ex-ultra-rare-holofoil,Ultra Rare,Mega Evolution Era; Fire; Pokémon Cards,,1.0,Holofoil,ULTRA_RARE,Unknown,,,,,,,684377
me3-102-holo,Meg - POR - 102 - Mega Starmie ex - ULTRA_RARE - Holofoil,<p>Series: Mega Evolution<br />\nSet: Perfect Order<br />\nRarity: ULTRA_RARE<br />\nRelease Date: 2025/12/19<br />\nArtist: Unknown<br />\nNumber in Set: 102/088</p>,221.5,0.0,0.0,0.0,Meg - POR - 102 - Mega Starmie ex - ULTRA_RARE - Holofoil,Meg - POR - 102 - Mega Starmie ex - ULTRA_RARE - Holofoil,meg-por-102-mega-starmie-ex-ultra-rare-holofoil,Ultra Rare,Mega Evolution Era; Water; Pokémon Cards,,1.0,Holofoil,ULTRA_RARE,Unknown,,,,,,,684361
me3-103-holo,Meg - POR - 103 - Mega Clefable ex - ULTRA_RARE - Holofoil,<p>Series: Mega Evolution<br />\nSet: Perfect Order<br />\nRarity: ULTRA_RARE<br />\nRelease Date: 2025/12/19<br />\nArtist: Unknown<br />\nNumber in Set: 103/088</p>,142.0,0.0,0.0,0.0,Meg - POR - 103 - Mega Clefable ex - ULTRA_RARE - Holofoil,Meg - POR - 103 - Mega Clefable ex - ULTRA_RARE - Holofoil,meg-por-103-mega-clefable-ex-ultra-rare-holofoil,Ultra Rare,Mega Evolution Era; Psychic; Pokémon Cards,,1.0,Holofoil,ULTRA_RARE,Unknown,,,,,,,684384
me3-104-holo,Meg - POR - 104 - Mega Zygarde ex - ULTRA_RARE - Holofoil,<p>Series: Mega Evolution<br />\nSet: Perfect Order<br />\nRarity: ULTRA_RARE<br />\nRelease Date: 2025/12/19<br />\nArtist: Unknown<br />\nNumber in Set: 104/088</p>,222.0,0.0,0.0,0.0,Meg - POR - 104 - Mega Zygarde ex - ULTRA_RARE - Holofoil,Meg - POR - 104 - Mega Zygarde ex - ULTRA_RARE - Holofoil,meg-por-104-mega-zygarde-ex-ultra-rare-holofoil,Ultra Rare,Mega Evolution Era; Fighting; Pokémon Cards,,1.0,Holofoil,ULTRA_RARE,Unknown,,,,,,,684337
me3-105-holo,Meg - POR - 105 - Yveltal ex - ULTRA_RARE - Holofoil,<p>Series: Mega Evolution<br />\nSet: Perfect Order<br />\nRarity: ULTRA_RARE<br />\nRelease Date: 2025/12/19<br />\nArtist: Unknown<br />\nNumber in Set: 105/088</p>,126.0,0.0,0.0,0.0,Meg - POR - 105 - Yveltal ex - ULTRA_RARE - Holofoil,Meg - POR - 105 - Yveltal ex - ULTRA_RARE - Holofoil,meg-por-105-yveltal-ex-ultra-rare-holofoil,Ultra Rare,Mega Evolution Era; Darkness; Pokémon Cards,,1.0,Holofoil,ULTRA_RARE,Unknown,,,,,,,684387
me3-106-holo,Meg - POR - 106 - Mega Skarmory ex - ULTRA_RARE - Holofoil,<p>Series: Mega Evolution<br />\nSet: Perfect Order<br />\nRarity: ULTRA_RARE<br />\nRelease Date: 2025/12/19<br />\nArtist: Unknown<br />\nNumber in Set: 106/088</p>,111.0,0.0,0.0,0.0,Meg - POR - 106 - Mega Skarmory ex - ULTRA_RARE - Holofoil,Meg - POR - 106 - Mega Skarmory ex - ULTRA_RARE - Holofoil,meg-por-106-mega-skarmory-ex-ultra-rare-holofoil,Ultra Rare,Mega Evolution Era; Metal; Pokémon Cards,,1.0,Holofoil,ULTRA_RARE,Unknown,,,,,,,684352
me3-107-holo,Meg - POR - 107 - Meowth ex - ULTRA_RARE - Holofoil,<p>Series: Mega Evolution<br />\nSet: Perfect Order<br />\nRarity: ULTRA_RARE<br />\nRelease Date: 2025/12/19<br />\nArtist: Unknown<br />\nNumber in Set: 107/088</p>,360.0,0.0,0.0,0.0,Meg - POR - 107 - Meowth ex - ULTRA_RARE - Holofoil,Meg - POR - 107 - Meowth ex - ULTRA_RARE - Holofoil,meg-por-107-meowth-ex-ultra-rare-holofoil,Ultra Rare,Mega Evolution Era; Colorless; Pokémon Cards,,1.0,Holofoil,ULTRA_RARE,Unknown,,,,,,,684341
me3-108-holo,Meg - POR - 108 - Energy Recycler - ULTRA_RARE - Holofoil,<p>Series: Mega Evolution<br />\nSet: Perfect Order<br />\nRarity: ULTRA_RARE<br />\nRelease Date: 2025/12/19<br />\nArtist: Unknown<br />\nNumber in Set: 108/088</p>,67.5,0.0,0.0,0.0,Meg - POR - 108 - Energy Recycler - ULTRA_RARE - Holofoil,Meg - POR - 108 - Energy Recycler - ULTRA_RARE - Holofoil,meg-por-108-energy-recycler-ultra-rare-holofoil,Ultra Rare,Mega Evolution Era; Colorless; Pokémon Cards,,1.0,Holofoil,ULTRA_RARE,Unknown,,,,,,,684327
me3-109-holo,Meg - POR - 109 - Forest of Vitality - ULTRA_RARE - Holofoil,<p>Series: Mega Evolution<br />\nSet: Perfect Order<br />\nRarity: ULTRA_RARE<br />\nRelease Date: 2025/12/19<br />\nArtist: Unknown<br />\nNumber in Set: 109/088</p>,121.0,0.0,0.0,0.0,Meg - POR - 109 - Forest of Vitality - ULTRA_RARE - Holofoil,Meg - POR - 109 - Forest of Vitality - ULTRA_RARE - Holofoil,meg-por-109-forest-of-vitality-ultra-rare-holofoil,Ultra Rare,Mega Evolution Era; Colorless; Pokémon Cards,,1.0,Holofoil,ULTRA_RARE,Unknown,,,,,,,684328
me3-110-holo,Meg - POR - 110 - Jacinthe - ULTRA_RARE - Holofoil,<p>Series: Mega Evolution<br />\nSet: Perfect Order<br />\nRarity: ULTRA_RARE<br />\nRelease Date: 2025/12/19<br />\nArtist: Unknown<br />\nNumber in Set: 110/088</p>,81.0,0.0,0.0,0.0,Meg - POR - 110 - Jacinthe - ULTRA_RARE - Holofoil,Meg - POR - 110 - Jacinthe - ULTRA_RARE - Holofoil,meg-por-110-jacinthe-ultra-rare-holofoil,Ultra Rare,Mega Evolution Era; Colorless; Pokémon Cards,,1.0,Holofoil,ULTRA_RARE,Unknown,,,,,,,684394
me3-111-holo,Meg - POR - 111 - Lumiose City - ULTRA_RARE - Holofoil,<p>Series: Mega Evolution<br />\nSet: Perfect Order<br />\nRarity: ULTRA_RARE<br />\nRelease Date: 2025/12/19<br />\nArtist: Unknown<br />\nNumber in Set: 111/088</p>,51.0,0.0,0.0,0.0,Meg - POR - 111 - Lumiose City - ULTRA_RARE - Holofoil,Meg - POR - 111 - Lumiose City - ULTRA_RARE - Holofoil,meg-por-111-lumiose-city-ultra-rare-holofoil,Ultra Rare,Mega Evolution Era; Colorless; Pokémon Cards,,1.0,Holofoil,ULTRA_RARE,Unknown,,,,,,,684349
me3-112-holo,Meg - POR - 112 - Naveen - ULTRA_RARE - Holofoil,<p>Series: Mega Evolution<br />\nSet: Perfect Order<br />\nRarity: ULTRA_RARE<br />\nRelease Date: 2025/12/19<br />\nArtist: Unknown<br />\nNumber in Set: 112/088</p>,60.5,0.0,0.0,0.0,Meg - POR - 112 - Naveen - ULTRA_RARE - Holofoil,Meg - POR - 112 - Naveen - ULTRA_RARE - Holofoil,meg-por-112-naveen-ultra-rare-holofoil,Ultra Rare,Mega Evolution Era; Colorless; Pokémon Cards,,1.0,Holofoil,ULTRA_RARE,Unknown,,,,,,,684347
me3-113-holo,Meg - POR - 113 - Poke Pad - ULTRA_RARE - Holofoil,<p>Series: Mega Evolution<br />\nSet: Perfect Order<br />\nRarity: ULTRA_RARE<br />\nRelease Date: 2025/12/19<br />\nArtist: Unknown<br />\nNumber in Set: 113/088</p>,304.5,0.0,0.0,0.0,Meg - POR - 113 - Poke Pad - ULTRA_RARE - Holofoil,Meg - POR - 113 - Poke Pad - ULTRA_RARE - Holofoil,meg-por-113-poke-pad-ultra-rare-holofoil,Ultra Rare,Mega Evolution Era; Colorless; Pokémon Cards,,1.0,Holofoil,ULTRA_RARE,Unknown,,,,,,,684333
me3-114-holo,Meg - POR - 114 - Rosa's Encouragement - ULTRA_RARE - Holofoil,<p>Series: Mega Evolution<br />\nSet: Perfect Order<br />\nRarity: ULTRA_RARE<br />\nRelease Date: 2025/12/19<br />\nArtist: Unknown<br />\nNumber in Set: 114/088</p>,172.5,0.0,0.0,0.0,Meg - POR - 114 - Rosa's Encouragement - ULTRA_RARE - Holofoil,Meg - POR - 114 - Rosa's Encouragement - ULTRA_RARE - Holofoil,meg-por-114-rosas-encouragement-ultra-rare-holofoil,Ultra Rare,Mega Evolution Era; Colorless; Pokémon Cards,,1.0,Holofoil,ULTRA_RARE,Unknown,,,,,,,684391
me3-115-holo,Meg - POR - 115 - Sacred Ash - ULTRA_RARE - Holofoil,<p>Series: Mega Evolution<br />\nSet: Perfect Order<br />\nRarity: ULTRA_RARE<br />\nRelease Date: 2025/12/19<br />\nArtist: Unknown<br />\nNumber in Set: 115/088</p>,65.5,0.0,0.0,0.0,Meg - POR - 115 - Sacred Ash - ULTRA_RARE - Holofoil,Meg - POR - 115 - Sacred Ash - ULTRA_RARE - Holofoil,meg-por-115-sacred-ash-ultra-rare-holofoil,Ultra Rare,Mega Evolution Era; Colorless; Pokémon Cards,,1.0,Holofoil,ULTRA_RARE,Unknown,,,,,,,684326
me3-116-holo,Meg - POR - 116 - Tarragon - ULTRA_RARE - Holofoil,<p>Series: Mega Evolution<br />\nSet: Perfect Order<br />\nRarity: ULTRA_RARE<br />\nRelease Date: 2025/12/19<br />\nArtist: Unknown<br />\nNumber in Set: 116/088</p>,72.0,0.0,0.0,0.0,Meg - POR - 116 - Tarragon - ULTRA_RARE - Holofoil,Meg - POR - 116 - Tarragon - ULTRA_RARE - Holofoil,meg-por-116-tarragon-ultra-rare-holofoil,Ultra Rare,Mega Evolution Era; Colorless; Pokémon Cards,,1.0,Holofoil,ULTRA_RARE,Unknown,,,,,,,684345
me3-117-holo,Meg - POR - 117 - Wondrous Patch - ULTRA_RARE - Holofoil,<p>Series: Mega Evolution<br />\nSet: Perfect Order<br />\nRarity: ULTRA_RARE<br />\nRelease Date: 2025/12/19<br />\nArtist: Unknown<br />\nNumber in Set: 117/088</p>,76.0,0.0,0.0,0.0,Meg - POR - 117 - Wondrous Patch - ULTRA_RARE - Holofoil,Meg - POR - 117 - Wondrous Patch - ULTRA_RARE - Holofoil,meg-por-117-wondrous-patch-ultra-rare-holofoil,Ultra Rare,Mega Evolution Era; Colorless; Pokémon Cards,,1.0,Holofoil,ULTRA_RARE,Unknown,,,,,,,684331
me3-118-holo,Meg - POR - 118 - Mega Starmie ex - SPECIAL_ILLUSTRATION_RARE - Holofoil,<p>Series: Mega Evolution<br />\nSet: Perfect Order<br />\nRarity: SPECIAL_ILLUSTRATION_RARE<br />\nRelease Date: 2025/12/19<br />\nArtist: Unknown<br />\nNumber in Set: 118/088</p>,1273.5,0.0,0.0,0.0,Meg - POR - 118 - Mega Starmie ex - SPECIAL_ILLUSTRATION_RARE - Holofoil,Meg - POR - 118 - Mega Starmie ex - SPECIAL_ILLUSTRATION_RARE - Holofoil,meg-por-118-mega-starmie-ex-special-illustration-rare-holofoil,Special Illustration Rare,Mega Evolution Era; Water; Pokémon Cards,,1.0,Holofoil,SPECIAL_ILLUSTRATION_RARE,Unknown,,,,,,,684362
me3-119-holo,Meg - POR - 119 - Mega Clefable ex - SPECIAL_ILLUSTRATION_RARE - Holofoil,<p>Series: Mega Evolution<br />\nSet: Perfect Order<br />\nRarity: SPECIAL_ILLUSTRATION_RARE<br />\nRelease Date: 2025/12/19<br />\nArtist: Unknown<br />\nNumber in Set: 119/088</p>,1415.5,0.0,0.0,0.0,Meg - POR - 119 - Mega Clefable ex - SPECIAL_ILLUSTRATION_RARE - Holofoil,Meg - POR - 119 - Mega Clefable ex - SPECIAL_ILLUSTRATION_RARE - Holofoil,meg-por-119-mega-clefable-ex-special-illustration-rare-holofoil,Special Illustration Rare,Mega Evolution Era; Psychic; Pokémon Cards,,1.0,Holofoil,SPECIAL_ILLUSTRATION_RARE,Unknown,,,,,,,684385
me3-120-holo,Meg - POR - 120 - Mega Zygarde ex - SPECIAL_ILLUSTRATION_RARE - Holofoil,<p>Series: Mega Evolution<br />\nSet: Perfect Order<br />\nRarity: SPECIAL_ILLUSTRATION_RARE<br />\nRelease Date: 2025/12/19<br />\nArtist: Unknown<br />\nNumber in Set: 120/088</p>,1636.0,0.0,0.0,0.0,Meg - POR - 120 - Mega Zygarde ex - SPECIAL_ILLUSTRATION_RARE - Holofoil,Meg - POR - 120 - Mega Zygarde ex - SPECIAL_ILLUSTRATION_RARE - Holofoil,meg-por-120-mega-zygarde-ex-special-illustration-rare-holofoil,Special Illustration Rare,Mega Evolution Era; Fighting; Pokémon Cards,,1.0,Holofoil,SPECIAL_ILLUSTRATION_RARE,Unknown,,,,,,,684338
me3-121-holo,Meg - POR - 121 - Meowth ex - SPECIAL_ILLUSTRATION_RARE - Holofoil,<p>Series: Mega Evolution<br />\nSet: Perfect Order<br />\nRarity: SPECIAL_ILLUSTRATION_RARE<br />\nRelease Date: 2025/12/19<br />\nArtist: Unknown<br />\nNumber in Set: 121/088</p>,3683.0,0.0,0.0,0.0,Meg - POR - 121 - Meowth ex - SPECIAL_ILLUSTRATION_RARE - Holofoil,Meg - POR - 121 - Meowth ex - SPECIAL_ILLUSTRATION_RARE - Holofoil,meg-por-121-meowth-ex-special-illustration-rare-holofoil,Special Illustration Rare,Mega Evolution Era; Colorless; Pokémon Cards,,1.0,Holofoil,SPECIAL_ILLUSTRATION_RARE,Unknown,,,,,,,684342
me3-122-holo,Meg - POR - 122 - Jacinthe - SPECIAL_ILLUSTRATION_RARE - Holofoil,<p>Series: Mega Evolution<br />\nSet: Perfect Order<br />\nRarity: SPECIAL_ILLUSTRATION_RARE<br />\nRelease Date: 2025/12/19<br />\nArtist: Unknown<br />\nNumber in Set: 122/088</p>,677.0,0.0,0.0,0.0,Meg - POR - 122 - Jacinthe - SPECIAL_ILLUSTRATION_RARE - Holofoil,Meg - POR - 122 - Jacinthe - SPECIAL_ILLUSTRATION_RARE - Holofoil,meg-por-122-jacinthe-special-illustration-rare-holofoil,Special Illustration Rare,Mega Evolution Era; Colorless; Pokémon Cards,,1.0,Holofoil,SPECIAL_ILLUSTRATION_RARE,Unknown,,,,,,,684395
me3-123-holo,Meg - POR - 123 - Rosa's Encouragement - SPECIAL_ILLUSTRATION_RARE - Holofoil,<p>Series: Mega Evolution<br />\nSet: Perfect Order<br />\nRarity: SPECIAL_ILLUSTRATION_RARE<br />\nRelease Date: 2025/12/19<br />\nArtist: Unknown<br />\nNumber in Set: 123/088</p>,1362.0,0.0,0.0,0.0,Meg - POR - 123 - Rosa's Encouragement - SPECIAL_ILLUSTRATION_RARE - Holofoil,Meg - POR - 123 - Rosa's Encouragement - SPECIAL_ILLUSTRATION_RARE - Holofoil,meg-por-123-rosas-encouragement-special-illustration-rare-holofoil,Special Illustration Rare,Mega Evolution Era; Colorless; Pokémon Cards,,1.0,Holofoil,SPECIAL_ILLUSTRATION_RARE,Unknown,,,,,,,684392
me3-124-holo,Meg - POR - 124 - Mega Zygarde ex - MEGA_HYPER_RARE - Holofoil,<p>Series: Mega Evolution<br />\nSet: Perfect Order<br />\nRarity: MEGA_HYPER_RARE<br />\nRelease Date: 2025/12/19<br />\nArtist: Unknown<br />\nNumber in Set: 124/088</p>,3091.5,0.0,0.0,0.0,Meg - POR - 124 - Mega Zygarde ex - MEGA_HYPER_RARE - Holofoil,Meg - POR - 124 - Mega Zygarde ex - MEGA_HYPER_RARE - Holofoil,meg-por-124-mega-zygarde-ex-mega-hyper-rare-holofoil,Mega Hyper Rare,Mega Evolution Era; Fighting; Pokémon Cards,,1.0,Holofoil,MEGA_HYPER_RARE,Unknown,,,,,,,684339
